Grain_ID,phi1_deg,PHI_deg,phi2_deg,phi1_rad,PHI_rad,phi2_rad
43,29.902698437264018,16.95756064523915,36.77719220657115,0.5219005429612201,0.29596526636603726,0.6418830936434652
44,353.29780692087036,36.20500398967763,88.2249395555451,6.166209970844397,0.6318965253175578,1.5398156776172447
45,350.1987654269963,46.14868900589474,84.75175902063,6.112121493120372,0.805446568631772,1.4791972417667985
46,55.264110341384516,26.74469123304676,48.337297602773035,0.9645406836426074,0.466782919445928,0.8436449946847516
47,84.70508667907374,38.15629802811733,15.138993189392878,1.4783826557370263,0.6659530309628672,0.2642252765919032
48,346.813676694515,23.585968339719994,7.272006902312663,6.05304054926641,0.41165280479925437,0.1269204636731096
49,309.13588365244846,13.260908074460232,7.056362521613684,5.395439005797339,0.23144650770363243,0.1231567592164883
50,318.4984405380887,37.83184499538933,9.601829185623455,5.558846449857028,0.6602902572736828,0.16758353350321506
51,79.84398979482506,40.690222116705726,24.19031292894188,1.393540509848449,0.7101783493043312,0.4222006076977889
52,149.81185134032103,31.768682926047433,61.965157690603306,2.6147100643968817,0.5544681160816339,1.0814960232185133
53,189.07480604407942,11.304098611548993,57.740102463361,3.2999778980388608,0.19729373974164943,1.007754898424538
54,26.4071992770302,37.17486246034018,44.59980297947894,0.4608925736144432,0.6488237489089761,0.7784134077326844
55,26.295948740526278,42.976108470695394,33.59720652210597,0.45895088545783963,0.7500745925078597,0.5863818732832623
56,179.9913641718839,36.90035161081375,67.94729500333564,3.1414419299555307,0.6440326307522931,1.1859040156320984
57,224.89303477416857,37.5079047343484,78.28663234576359,3.9251239216113434,0.6546364331387486,1.3663594947318665
59,105.0662233843619,45.54679464864727,65.74600420077785,1.833751530692975,0.7949415303486288,1.1474842433335966
60,231.0019091458195,35.06934412653398,37.89836022539165,4.031743892987352,0.6120755215229529,0.6614511670399446
61,121.8585271243649,14.845945360865676,13.698528403165161,2.126832519950985,0.25911062711828375,0.2390844233131933
62,64.99368092463011,49.79299063513172,43.22975637829303,1.1343537251254279,0.8690516309977511,0.7545015836362328
63,159.93243361928063,14.341302703282615,76.85136143488897,2.791347547383718,0.250302951197445,1.3413092916790064
64,219.91763275003882,13.940070279664258,3.716881263856693,3.8382867746798888,0.24330012433954804,0.0648718159599874
65,76.59613188798645,9.26229624746253,78.77390919460545,1.3368546957371839,0.16165756581333662,1.3748640801128997
68,132.08026680907793,46.860562091376586,45.764664286189365,2.3052355327309946,0.8178710978297613,0.7987440728638648
69,193.09793060063313,14.34164248110923,64.63709054147202,3.37019466776856,0.2503088814392447,1.128130048858371
70,86.25917162063966,26.71856565836133,9.708282802502774,1.5055065548230153,0.4663269421486916,0.16944149961841581
71,36.79799065010559,33.96724814308848,63.585702156598366,0.6422460949624312,0.592840317938824,1.1097798598251005
75,63.91438336552702,11.489793548295916,39.54107200186608,1.115516429110341,0.20053472779216583,0.6901218962007085
76,138.56631573702424,30.050374716885404,46.134384552243304,2.418438441969106,0.5244779802677092,0.8051969088178556
77,304.18403342059594,21.439904963168544,2.6520486654587083,5.3090129151858685,0.37419693292196465,0.04628698113537607
78,140.64579794487312,15.580067047841721,2.6360293025818797,2.4547322532327103,0.2719234676663109,0.04600739050910366
79,18.049870967265562,29.126519828922376,48.0464971876999,0.3150296779389177,0.508353670662111,0.8385695699755591
80,41.12176616913411,43.397153639840866,46.35616819511697,0.7177102138866056,0.7574232170090645,0.8090677636130683
81,227.38072547029665,25.798097171559462,48.51320412667508,3.9685423150300085,0.45026173639314904,0.8467151427025804
82,52.790418381815535,42.63667362942973,34.141677592288055,0.921366614268018,0.7441503369317894,0.5958846861397967
83,186.8464683642824,31.190578514915625,65.10274120531977,3.2610860686801515,0.5443782906870809,1.1362571861066117
84,114.41645206344207,41.665591148324225,75.30177950714935,1.996943806957324,0.7272017503280628,1.314263985010549
85,196.5670480985971,32.96294307905643,79.77304295754163,3.4307421902465784,0.5753118878770122,1.3923022539439764
86,52.51412095248455,44.3609187244007,38.42056753647209,0.916544314411396,0.7742440909503953,0.6705654039962845
87,279.4601880039762,38.77084642417885,26.382201040427447,4.877500408911745,0.6766789238869909,0.46045627207853257
88,183.39487596902026,21.521073534693713,19.53677126213262,3.2008444169460297,0.3756135917442194,0.3409809837332224
89,80.41300827053044,39.728912177589955,63.34249576064761,1.4034717557541871,0.6934003257346149,1.1055351074538509
90,45.92200587737632,32.966861477882816,11.14544476754137,0.8014902016804042,0.5753802768379389,0.19452470779277095
91,295.7721105298095,43.87893968091754,1.6343358079319124,5.1621971643177655,0.7658319697160012,0.02852454093165353
92,195.55858940724252,50.75273474174881,47.80432108949369,3.413141265712088,0.8858023256348306,0.8343427996922278
94,270.7238294622646,40.391231297954256,45.21996802923629,4.7250221877241465,0.7049599750838845,0.7892373297567447
95,41.71292397867691,12.853508553511174,87.06071250911037,0.728027864062005,0.22433604469202373,1.5194960824161896
96,169.19643692506514,37.73750247547654,6.368162378202635,2.953034906985297,0.6586436696765763,0.11114540080126836
97,0.5110435885928845,43.305965732958796,17.35383663268358,0.008919393242153168,0.7558316877959704,0.3028815870935343
98,168.1599401047369,37.97633230349114,83.21784899516199,2.934944624784117,0.6628120365274028,1.4524254613930312
99,147.60239442639008,27.89029166629534,69.67704721913678,2.576147766567834,0.48677741891838927,1.216093887041496
100,114.51943890383168,47.43266177941671,21.963290719012893,1.9987412664083488,0.827856121035694,0.38333173761948774
101,181.62881555515827,9.113789821384385,46.19909533628667,3.170020847935004,0.1590656397179034,0.8063263250609592
102,333.7642425208937,29.096610991691072,30.145939435260324,5.825284957414453,0.5078316629769817,0.5261458992520927
103,182.73727818650053,45.02519940032496,56.643537391184196,3.189367170487247,0.7858379759026468,0.9886162274526834
104,202.9792587105112,32.948393295068456,12.957337913550575,3.5426563777558,0.5750579462409682,0.2261482088849499
107,235.85250108804786,41.56467676944878,73.7795639355901,4.1164026930499436,0.7254404621540813,1.2876963113617128
108,305.750232387177,37.26564855391497,50.11218466992865,5.33634824389404,0.6504082651568799,0.8746226178576828
109,40.422044490155095,32.610725072666554,24.466445047734226,0.705497766740839,0.5691645239806985,0.4270200223412234
111,36.61532922269664,18.49996982981919,63.85423562129351,0.6390580516377524,0.3228853850499599,1.1144666529358187
112,172.24568308791626,19.143125609560588,82.92741607185481,3.0062542922308526,0.3341105710096788,1.4473564506251289
113,335.49770784158585,32.66407768592779,18.46820688689335,5.855539634729671,0.5700957027466502,0.3223310171157809
114,133.251847206479,38.725481223808515,72.39047179364442,2.3256834681174667,0.6758871517747017,1.2634520798711804
115,129.01298295092394,4.256378076491243,36.459802244562816,2.2517013303129327,0.07428781164447525,0.6363435937936399
116,249.0086801991513,39.24589184612696,77.38115157566135,4.3460213355208,0.6849700305965113,1.3505558739800885
117,82.8445736044092,34.47906257554043,26.196409893451744,1.445910576807727,0.6017731649443366,0.45721360484274987
118,263.50593703017546,7.347604352236745,40.429501924646495,4.59904619972941,0.12823988808039638,0.7056279235264658
119,99.84534973405401,48.195881711334344,36.87548440400433,1.7426300956644873,0.8411768217645036,0.6435986161176945
120,261.99816439299553,21.83866336585292,21.361133429596606,4.572730602839143,0.3811565799688004,0.3728221103042891
121,314.34676538678156,26.321580022706595,83.10877179910688,5.486386048993484,0.45939823572339394,1.4505217051830261
122,27.235136773338763,40.50839640136689,30.689025325334374,0.475342808925746,0.7070048919068745,0.5356245361550088
123,95.9369621462234,18.132645806712922,37.50643062460108,1.6744158638127637,0.3164743714250838,0.6546107050701222
124,79.68176161745546,42.47914879081592,0.5754675597053157,1.3907090940138402,0.7414010098443057,0.010043803655274809
126,40.6336162564533,31.529959887592575,14.718099307637825,0.7091903906670027,0.5503016130602316,0.25687929255377784
127,241.36540076332724,42.16027550101285,18.863589286221796,4.212620943715695,0.7358356210405761,0.32923174178849735
131,178.0808305095564,30.260330038336864,26.577158162854133,3.1080968270777305,0.5281423919091202,0.4638589157650919
132,127.7275936213628,28.691051965253195,77.21344181486073,2.2292670543420883,0.5007533226544579,1.3476287864663856
133,131.81055155268695,50.18156635564813,52.61120107281724,2.3005281134641113,0.8758335567140716,0.9182386821494338
134,131.3187868928597,15.692939675756623,42.15350888785318,2.2919452010051757,0.27389346665880443,0.735717521361731
135,334.37687164143443,25.84401941472778,8.696793559014713,5.835977352661487,0.45106323073633764,0.1517876819710425
137,350.0801428916174,28.979629392775546,64.68538329990476,6.110051139310946,0.5057899489116583,1.1289729164978926
138,100.20448559783888,49.007814610160715,67.73589573285841,1.748898198949527,0.8553477241542856,1.1822144023259566
139,240.2169947612825,44.374653448742826,4.913532771607083,4.1925774778303495,0.7744838071120191,0.08575732476918616
141,325.0676019801873,35.77538344894383,13.50858856984641,5.673499946116707,0.6243982323475544,0.23576934784109183
142,65.38134933392607,32.68173795223847,86.07884612760643,1.1411198152736113,0.5704039325405506,1.5023592812443032
143,133.39552085724324,44.04004042205644,41.05862338045431,2.3281910463716633,0.768643708076278,0.716608164325252
144,280.0571286985218,16.320399495722473,66.14596090299979,4.887918989470707,0.2848447064411794,1.154464804652788
145,321.8597521679718,30.881983484433913,38.98461137448019,5.617512404984065,0.5389922913498828,0.6804098260951114
146,99.79951149164626,44.82738921017947,53.97496145766133,1.7418300674111444,0.7823855367906121,0.9420407910732281
148,138.51434982517972,35.8612708274777,68.41037561373976,2.417531465708618,0.6258972498888773,1.1939862969857953
149,76.95991404436,49.365524299383694,36.30773557697494,1.3432038921259075,0.8615909359975124,0.6336895297616958
151,70.4441784440652,37.548432613486106,14.563013753323169,1.229482852711354,0.6553437780685519,0.25417253900870657
152,312.0512980907532,28.72157250989789,8.39402506830262,5.446322586805938,0.5012860066480098,0.1465033749368226
154,171.7742401918156,34.85149557924554,5.367646381501079,2.9980260614587584,0.6082733471020829,0.09368310243995348
155,325.633535455669,23.87180124305162,33.49325663211825,5.683377348611118,0.416641530072926,0.5845676054458907
156,20.237020838711604,22.658415522628406,42.94245703544585,0.3532026444302218,0.3954639541548574,0.7494872641647333
157,106.52637023676907,35.60496408604796,54.16649162414904,1.8592359008301116,0.6214238533558705,0.9453836230953315
158,73.34441785023984,22.840643137198885,47.643133751245486,1.2801015794451864,0.3986444260171675,0.8315295499272707
159,312.3812468513445,22.7147340090875,45.69178235742374,5.452081279041131,0.39644689717330844,0.7974720432417008
160,158.00121367627506,30.723497654902545,51.45062740144424,2.757641400798094,0.536226191806806,0.8979828503720163
162,228.54317061708426,32.866665330813085,81.29510460171315,3.988830810215281,0.5736315241737596,1.4188672410530878
163,288.88987174855896,44.521645463906424,50.134322872687676,5.0420794376765015,0.7770493017507654,0.8750090023863019
165,164.2366954145517,7.954334072843527,91.22385217558585,2.8664710875790007,0.13882931937469,1.5921565768165655
166,326.3680575434024,38.14635728419467,64.68385433190797,5.696197177470688,0.6657795322513193,1.128946230972191
167,170.47238053206823,26.416192138562085,46.50474928259541,2.9753043239972734,0.46104952865735055,0.8116609927957609
168,284.10804484978195,35.51291741461331,72.62875731978588,4.958620814032414,0.6198173358738345,1.2676109468621957
171,85.84796557597912,29.803846347077446,90.88397694885337,1.4983296554395857,0.5201752485149861,1.5862246350641216
172,166.54194538637765,14.120900615553218,57.618723840627524,2.90670528966887,0.24645620908829766,1.0056364418163029
173,176.45508141521327,11.88878763993467,28.118911493084912,3.0797221525701266,0.2074984883872661,0.4907675876312064
175,118.56816012192743,39.906626994457,36.69214273414864,2.069404782159475,0.6965020344185235,0.6403987003226081
176,137.51462837593076,43.12409087828516,37.56919498215214,2.400083034816414,0.7526573727553292,0.6557061497622871
177,263.6668474703605,13.319243076265746,77.51070055659753,4.6018546167114724,0.2324646455542955,1.3528169302400281
178,340.0511825288489,17.14141589745972,21.065142589892226,5.935012760428632,0.2991741458643708,0.3676560955957049
179,204.4658301617046,29.94691848728092,20.169140487360664,3.568601944145275,0.5226723284294117,0.3520179088017374
181,38.881408843142054,17.552171763466667,41.664049188386606,0.6786086021268684,0.3063431881480727,0.7271748380502174
182,314.6980856837806,41.81524664068235,71.30966660390487,5.492517744905203,0.7298137314134052,1.2445884707375832
183,149.9119762448773,39.73959155402612,15.596459258089732,2.616457573644634,0.6935867160154858,0.27220956570681787
184,327.53055869240137,25.359715914283345,32.99378885298813,5.716486650078937,0.4426105400746485,0.5758502481924462
185,334.90702510748565,42.57935229811722,52.025296773803234,5.8452302761849415,0.7431498909687596,0.9080127230300501
186,321.24747030989704,44.698207184632174,69.09114747624595,5.606826070610432,0.7801308851104164,1.2058680074414625
187,266.89558215585555,26.24072603658521,18.291983362743068,4.658206667646705,0.4579870674522139,0.3192553363998908
189,30.852263900620017,18.767139828003767,14.537092107001474,0.5384735867600079,0.3275483811808281,0.2537201209328555
190,14.495956009158665,20.090130242904195,13.7205454452402,0.253002160584076,0.35063891989316637,0.2394686931889528
191,105.69204638127172,45.49009832175446,69.69522011179174,1.8446742025237497,0.7939519927705622,1.2164110638529364
192,139.19175109416844,37.27625542608342,79.6100245359949,2.429354348209659,0.6505933899995573,1.389457045746582
193,133.600091746813,34.98133233381037,39.68386497875735,2.3317614819483894,0.6105394259593431,0.6926141037961853
194,229.68529299459976,44.82775608984758,3.075816270395794,4.008764606163632,0.7823919400487793,0.05368312110481879
195,328.0713524495611,27.091415867928568,17.111857450664168,5.725925281715606,0.47283440592239073,0.2986582536460129
196,116.35390190629676,6.886707483616336,40.775302966791706,2.030758685807385,0.12019572021083852,0.7116632902687273
197,228.410007098778,28.192043437346513,19.618904603342365,3.9865066683772974,0.4920439808469564,0.34241448096299637
198,347.0825179635343,15.347439215936179,88.04038456561302,6.057732714576038,0.2678633460677833,1.536594585391945
199,1.7936370996487048,37.63911646561536,9.821650190228125,0.03130487297479152,0.6569265098665991,0.17142013379860815
201,87.46896723120577,32.44907545077725,19.38629878823746,1.5266214715035689,0.5663432058441262,0.3383547436301307
202,209.24319433301855,20.692392073814364,61.16347636150013,3.6519826785015144,0.3611503718016382,1.0675040444738988
203,356.4443004094043,16.613499769746632,22.520651274022324,6.221126642111877,0.2899602712613985,0.3930595144251452
204,288.56110808090693,19.83503530601162,8.229839740791812,5.0363414292150415,0.34618667333922376,0.1436378003882938
205,245.99274024878733,24.34126020337899,30.029111995215633,4.293383253344514,0.4248351346336279,0.5241068757666365
208,135.80369697203105,32.53092125333611,6.062662037983463,2.3702216485425955,0.5677716845777155,0.10581341399848095
209,104.64844654940283,46.35866032028136,48.90644095731773,1.8264599493843783,0.8091112594025587,0.8535784201374018
210,58.569289487263276,35.991221676998805,14.418016091675701,1.0222269421064456,0.6281653200787842,0.2516418524052656
211,161.31988881105315,11.421891077070123,46.99503544073859,2.815563208704038,0.19934960609903504,0.8202181005323129
212,299.2868478834431,17.20633596110147,70.1885443125666,5.223540903481504,0.30030721472552363,1.2250211954362273
213,126.65659737159167,36.7839186416336,7.7323476277414835,2.2105746435070706,0.6420004920822264,0.13495492501286172
214,76.63726978024167,26.47036252685703,29.46697968920919,1.3375726874043683,0.46199498029018116,0.5142958161949958
215,283.35530221573185,38.31557058302316,22.34740305194732,4.945482976648105,0.6687328614540374,0.39003576252671013
216,184.230019808355,44.199992245959,27.159655798210064,3.215420426670167,0.7714353940479479,0.4740254173871342
217,296.43539645239537,17.508557471765496,57.042757497793566,5.1737736875490175,0.305581975156962,0.9955839327531797
218,230.20911742562495,44.630346040318976,1.7410235131191276,4.017907067187408,0.7789464847079801,0.030386592658567465
219,234.71581990813684,31.221172250723228,15.397213948317242,4.096563863915042,0.5449122521074089,0.26873207903213187
220,42.89982306135473,43.31021076867897,69.66813871652433,0.7487431609436334,0.7559057776461523,1.2159384043394859
221,283.14909416096805,27.006269787881788,67.8606885830114,4.941883967148343,0.4713483264804078,1.184392448444074
223,269.3477134836657,30.933615341240156,34.57697356869902,4.7010044330082925,0.53989343725007,0.6034820341488516
224,357.41407421852807,41.0454689539086,84.71531408092356,6.2380523880806935,0.7163785762708178,1.47856115757323
225,170.78921766636248,32.73424726567678,80.85966647540863,2.9808341751832916,0.5713203929480107,1.411267412060359
226,152.70807580455588,34.53005808397954,53.95754393586352,2.6652587171745887,0.6026632044703276,0.9417367979703185
228,294.99861644534565,45.2688295806899,79.08870227283013,5.148697145799172,0.7900901247072429,1.3803582557904084
229,152.49510989215588,44.41541064576415,57.08897161023927,2.661541760808695,0.7751951543939252,0.9963905211762442
231,135.67419564008955,45.357523670680905,36.46711866362788,2.367961423914498,0.791638128604646,0.636471289395781
232,256.84740496371,35.707626227033046,25.755885889656767,4.4828328918199665,0.6232156457332069,0.4495250105424595
234,325.64685714484926,39.563644800611,21.692726284359054,5.683609855949241,0.6905158658601974,0.37860949739598115
235,21.339073352266038,33.87772613403733,29.87068459914314,0.3724370893216261,0.5912778641278812,0.5213417960798103
236,3.590625348483256,32.9456853766759,88.46299946919233,0.0626682345366016,0.5750106841491427,1.5439706069274022
237,263.4547554243114,6.670494792884731,75.29213626322542,4.598152912190624,0.11642209687297578,1.3140956786535034
238,207.8664045438989,34.98931250022705,78.12397340577469,3.6279531635735376,0.6106787061381712,1.3635205606712564
239,226.34861477074566,47.2884130932221,60.6840692049444,3.9505285850777816,0.8253385065199217,1.0591368111343773
240,336.9685925153392,40.38447826930717,75.93558407019802,5.881211415203789,0.7048421124995115,1.3253259614499124
241,235.19016193686744,32.80949174046892,1.056305043728597,4.10484269409698,0.5726336567770676,0.018436000918486697
242,221.2096305548116,21.896700876435695,50.88400917366366,3.860836390301713,0.3821695256181309,0.88809349669543
243,32.37882895990146,39.76921542551594,54.36683386070093,0.5651171732903716,0.6941037501101709,0.9488802547539714
244,265.98663825147895,41.40119135101324,73.48537021754387,4.642342603799401,0.7225871033233805,1.2825616623431224
245,202.6475493893975,35.75580008359778,75.1373481792285,3.5368669579428107,0.6240564381436449,1.3113941169449037
246,289.16573201135947,24.5351303099363,42.40789232853428,5.0468941075377876,0.4282188063142452,0.740157349964168
249,209.55981741286737,29.79940898905745,39.181960150757455,3.657508793732681,0.5200978020074474,0.6838542120159313
250,216.17188218665973,36.363977532614875,17.287954602074244,3.7729110943904915,0.6346711370653733,0.30173172874150167
251,152.67194128023777,40.486551958412356,46.202108434241055,2.6646280507515963,0.706623634454054,0.8063789135409484
252,259.5240846476423,39.11789259772218,49.18995932719965,4.529549765325827,0.6827360222717698,0.8585267491817286
253,51.89647907267786,28.872355005711768,6.810727586235072,0.9057644300105623,0.5039176576543366,0.11886962083620804
254,146.12522145685188,8.177335299783868,28.505558621999022,2.5503662346279303,0.14272142502078605,0.49751585307414065
255,53.83880420793371,14.397653236587988,22.6953044144568,0.9396643987650212,0.2512864535388785,0.3961077867746749
257,123.64955372762972,11.567605113879507,74.17388249014219,2.1580918311687665,0.201892795807731,1.2945784684403516
258,153.91519011167992,46.101540178026745,18.26075525855146,2.6863268362818333,0.8046236663470194,0.31871030316259136
259,61.32569868414184,49.70838134146758,43.60174760197081,1.0703353581242292,0.8675749202455248,0.7609940552779325
260,89.80236706268303,41.09089432872185,64.5953764597148,1.567346981328328,0.7171713986252615,1.1274020007872614
261,93.07649960629276,44.645836102657626,59.41263792278381,1.6244913743610143,0.7792168372971287,1.036946149047822
262,294.3662007009277,25.37305094917815,73.08875664389429,5.137659408817629,0.44284328033943116,1.275639449624836
263,216.2989719013791,18.681584482071585,39.68458898230136,3.7751292283577644,0.3260551587016287,0.6926267400418243
266,20.24956153105121,40.40052992004301,14.384710529350107,0.3534215208020276,0.705122266655232,0.2510605606834558
267,55.00018605530731,33.13121613906404,76.22510282378857,0.9599343358745845,0.5782488068165509,1.3303790169463376
268,97.2169947269087,13.334317610332862,72.73726249961409,1.6967566468785222,0.23272774580697067,1.2695047195056663
269,358.12321033678586,32.50635553250318,81.66343400555641,6.250429148189103,0.5673429318660551,1.4252958018820607
270,327.93183454990157,12.634548185723098,61.904890758931444,5.72349023500108,0.22051446534274408,1.080444166830765
271,144.53613524881058,45.916294342067026,56.99047590546557,2.5226314481995784,0.801390516583913,0.9946714468288709
272,116.24676534058135,24.065709045533637,15.768096765124119,2.028888799986372,0.42002585967154393,0.27520520532448284
273,8.435922384385595,46.186828390322724,38.246340198221496,0.1472346210502193,0.8061122264647241,0.6675245632968257
274,294.62945314658714,25.240826769399646,72.6949147383142,5.142254030758313,0.4405355330515473,1.268765611640135
275,257.8766681711928,42.0122652923235,84.18706288032958,4.500796923660179,0.733252355572383,1.469341434845252
276,74.76417950110664,18.03952838132064,46.43442154969015,1.3048810948463623,0.3148491657610083,0.8104335423011009
277,220.58902369987,21.324344865737114,14.107377993132204,3.850004757322536,0.37218002873786077,0.24622019480354693
278,118.44380899331732,28.688113783617617,65.93820299358083,2.0672344455366574,0.5007020417108955,1.150838745086367
280,117.0809097257434,35.50657102750437,50.340514671213306,2.0434473659444734,0.6197065705231773,0.8786077281611829
281,144.11711847449502,8.88135196863633,75.37958740230533,2.5153182258666855,0.15500883388118414,1.3156219889650675
283,82.91750282872059,39.94025953910336,56.19983957165577,1.447183431892886,0.6970890330584264,0.980872239617993
284,207.02264965882551,21.66540872123397,73.36993845156765,3.6132268627492206,0.37813271597582704,1.2805469979654456
285,193.74461073803838,41.019737552659095,4.450214427373608,3.3814813653735305,0.715929478597862,0.07767089417742354
286,35.1178891876595,18.222989257592843,54.495639544993715,0.612922792675175,0.3180511621005522,0.951128338040165
287,191.27875686293976,25.394366688852195,75.09860267106167,3.338444096379999,0.4432153101792412,1.3107178802570343
288,286.40892572070817,46.35695450790665,38.83207710879246,4.99877876092623,0.8090814873601987,0.6777476009367487
290,224.93638490109007,45.63167207454082,60.35110236764456,3.9258805240572814,0.7964229208910888,1.0533254435235428
291,240.5119816596238,37.72658583449347,37.05802922406322,4.197725970456651,0.6584531383481635,0.6467846242601826
292,74.19426952292348,30.635368245879683,30.167876970150896,1.294934289287097,0.5346880434515202,0.5265287814657043
293,334.3895408309479,14.574102488413875,66.10458762960006,5.8361984717320565,0.2543660739459208,1.1537427048096347
294,42.80402620288285,21.997955896578908,83.48500687523922,0.7470711903502322,0.38393675910380315,1.4570882460230274
295,337.782323474873,42.70968042799209,32.8961495724111,5.8954136996730675,0.7454245459430429,0.5741461212670985
296,58.42476052539176,50.54900416695325,35.97346159253457,1.0197044358572982,0.8822465563176676,0.627855348129451
297,31.683569593531978,31.66430818467058,48.07950096141284,0.5529826081918945,0.5526464331886903,0.8391455944924332
298,96.78527375876828,44.15195977831934,34.697359821156525,1.6892216945345744,0.7705970693397781,0.6055831706283722
299,23.402696759576507,13.175143306727545,73.41590993193547,0.40845411230041784,0.22994963012448885,1.2813493516598802
300,143.03923208982832,14.105434621397416,85.84477955382869,2.4965055594918337,0.24618627656818473,1.4982740488630195
303,207.54273663433693,20.4916103739146,35.82567000223403,3.6223040928686343,0.35764607006063615,0.6252758982719481
304,167.6081279142951,44.29794156657167,3.9451886096486897,2.9253136852082657,0.7731449321927305,0.06885653085054697
305,36.94627290327945,14.203561030095626,12.728056755622756,0.6448341085025908,0.24789890548312607,0.22214649776632436
306,202.56205176590325,31.96046227268794,81.57744921303718,3.535374742910206,0.5578152971178343,1.423795084145956
307,270.06873469121774,8.497061782842966,89.22479775366035,4.713588627056781,0.14830170485598917,1.5572664952274138
310,153.96644654955173,22.57312445132162,38.72769108763736,2.6872214298855406,0.39397534413800067,0.6759257211745358
311,283.4482745927741,31.857946305427443,33.18340386859817,4.947105650740897,0.5560260559532719,0.5791596545260619
312,289.843385482322,15.022875945245923,59.184171976879426,5.058721391793651,0.26219864836319673,1.0329586660631074
313,188.7792810125742,41.224184568075856,8.654081637559253,3.2948200132170347,0.7194977521627601,0.15104221831179154
314,152.12994070072858,5.711006259222893,72.57544972101275,2.655168356091443,0.09967586282544426,1.2666805537472725
315,114.40338143707564,6.569186844810769,74.5384964656491,1.9967156814919318,0.1146539396206457,1.3009421828117331
316,179.2782207300212,27.006983233509082,19.94896250293159,3.128995228856022,0.471360778455638,0.3481750780330452
317,90.42234459055696,35.733013119522965,37.00373915969686,1.578167630478103,0.6236587305940058,0.64583708388587
318,174.73261144368436,17.069194133956305,3.4349920976802863,3.049659380300214,0.29791363829963957,0.059951921884507674
319,19.948727713701892,4.725708788658701,35.44048269681942,0.34817098018793874,0.0824791778525272,0.6185531115555782
320,51.469917389693826,40.27763828947076,18.15198053291864,0.8983195241796426,0.7029774030786017,0.3168118260573452
321,17.82796950255379,24.319394918013707,69.22247178913669,0.3111567667646992,0.4244535134121156,1.2081600490893252
322,251.85091772694037,8.8523092025003,38.16091612901017,4.395627738504462,0.15450194198822365,0.6660336320286366
323,246.54902162924293,44.21225414057789,39.03716377756076,4.303092195001003,0.77164940448158,0.6813270385587025
324,341.53701118343974,20.769799491117595,58.37724808260265,5.960945362571719,0.3625013860990448,1.0188751872949628
325,185.30164931541412,13.423376311357984,15.643246201968251,3.2341238899298728,0.2342821133674083,0.27302615192444385
326,64.19594905934537,29.261544013853673,60.54666257239984,1.1204306775281332,0.5107102872589838,1.0567386129823968
327,88.19282036238363,27.99265451311851,66.15598341633485,1.539255091943493,0.48856398762716824,1.1546397305098097
329,37.9630934244443,45.13453587041013,13.292102588125266,0.6625809744987622,0.7877462572981414,0.2319909546756456
330,345.41577214088915,39.16541273416637,52.876258298437115,6.028642512177019,0.6835654051137178,0.9228648034427022
331,257.8406563627479,52.859682281613466,46.954099372602464,4.5001683990332175,0.9225754973722635,0.8195036313605167
332,337.2747007488428,41.00159162572807,76.58458939611498,5.886554011745892,0.7156127724270893,1.3366532412501422
333,315.6893041400929,43.932642789426275,12.7475962939398,5.509817770574387,0.7667692657780344,0.22248752704427638
334,168.24875087414122,46.82186713153804,90.32325057518251,2.936494665121452,0.8171957433766517,1.5764381136407968
335,271.06963142064933,12.0683999477991,85.5576167474819,4.731057570457804,0.21063331453660608,1.4932621124030012
336,27.390536593048967,12.635742762204815,13.658386552851246,0.47805504743669464,0.22053531463551693,0.23838381585737273
337,118.73974960274465,27.497265991335023,57.24491318016933,2.072399583561523,0.4799178268454587,0.9991122150122527
338,284.8706490371822,30.709497793773743,11.67854371673384,4.971930767992044,0.5359818481352864,0.2038290396951015
340,97.32256971206448,40.89438768874687,71.84713380809562,1.698599277977235,0.7137417107556668,1.2539690430722004
341,352.58050970057,44.448805536959185,1.9029386510673418,6.153690772634754,0.7757780051986238,0.03321254492458462
342,151.32947310192355,46.90049674615573,40.95232691271304,2.6411975609367624,0.8185680890413046,0.714752940979927
344,101.01514378077117,30.77988357571198,84.80710162561807,1.76304685334993,0.5372103117766994,1.4801631524404708
345,9.858583143094197,33.35607686791439,90.07261201837358,0.172064735428605,0.5821733668934238,1.572063645592034
346,297.9914453111214,40.99511822785039,51.117632965808795,5.200931863455687,0.7154997903203322,0.8921710010793575
347,34.33021559766565,30.493658330267476,15.615306436472023,0.5991752950987785,0.5322147388413638,0.27253851102429955
348,156.05699559118386,39.90720017969562,19.571279745295733,2.723708393836433,0.6965120383881613,0.34158327038428776
349,246.35701928275262,50.716693856187085,38.391178256177604,4.2997411218831925,0.8851732935164441,0.6700524642903543
350,149.06122486593256,44.01021503307408,39.29006972098138,2.6016091609661665,0.7681231568378479,0.6857410799692548
351,177.16159771010095,41.115151883915914,92.93541154788511,3.0920531881349085,0.717594772831882,1.622028923206555
352,78.65065612811608,40.87291680254598,43.649958487846924,1.3727129082894807,0.7133669730981403,0.7618354939717741
353,350.6750964071841,47.069574188614546,68.38352603594684,6.120435037053901,0.8215190471030622,1.1935176834505385
354,280.0781671362184,31.61042478879685,37.66805675661168,4.888286179477988,0.5517059905185382,0.6574316132309702
355,106.88301278481195,43.131074404321545,58.591510826442516,1.865460487546162,0.7527792582780629,1.0226147776393257
356,61.2005428225671,26.112349242037265,7.117844578155293,1.0681509762615797,0.45574646970419597,0.1242298235340367
357,178.70394509465035,37.2092442131942,62.14142765967593,3.1189722282048185,0.6494238236988855,1.0845725145512193
358,38.74425434197464,10.602787134358449,99.39926912091843,0.6762148044975665,0.18505354538264934,1.7348445202359561
359,70.9971971057249,41.2303415722133,26.621349957564668,1.239134849182288,0.7196052121570174,0.46463020808515615
360,189.86320563536674,42.45790453953034,75.97175500721336,3.3137380667282024,0.7410302277122514,1.3259572633943615
361,87.2214378575708,88.27278500377318,235.01881395608228,1.5223012689382396,1.5406507382209174,4.101852107665636
362,276.2531737768208,27.60385557852205,48.9157253379942,4.821527451489581,0.48177816609021384,0.853740463149215
363,75.77761711315276,40.5467383806878,16.151002767923956,1.322568917940116,0.707674085687756,0.2818881757989906
364,215.7081370088237,27.71866540845893,4.546609304691478,3.764817214147006,0.4837819756362672,0.07935330216867637
365,115.04454772652508,45.75739184846634,13.134216308083603,2.0079061442956196,0.7986171448809519,0.2292353192451928
367,99.57478581044522,29.91819179857356,359.42529743271143,1.7379078643603993,0.5221709531282728,6.273154855160736
368,121.31429510919567,44.334757453970255,20.580308850940625,2.117333879391518,0.7737874906448793,0.3591941505262448
369,118.75709311410421,39.07374073148748,50.60619312630229,2.0727022849386043,0.6819654268350741,0.8832446919540975
370,103.70016736257335,16.068913566873725,20.119214815045634,1.8099093553460692,0.28045544896033253,0.35114654143856827
371,77.361772785892,28.444644725812005,357.50284142582166,1.3502176502935617,0.49645270502545913,6.2396016681157676
372,242.72447024119452,31.67738239915397,72.77255946959177,4.236341180867839,0.5528746212785374,1.2701207678477546
373,354.1103294366206,49.37668376067952,44.44344719463782,6.180391163990826,0.8617857053398734,0.775684484482667
374,41.786340969349745,27.783165603278288,19.080416300141106,0.729309232276152,0.48490771640404284,0.3330160870886569
375,39.54723826379414,28.437743206271318,21.135917682239864,0.6902295177738935,0.49633225078608345,0.3688913539855742
377,259.07162528075725,35.40026499807575,77.88152158285239,4.5216528596421925,0.6178511802949259,1.3592889780837998
378,334.8394617567638,39.84470737229675,89.02203274580077,5.844051073261165,0.6954213331402365,1.5537275782324318
379,39.25122223358906,27.54301197293115,1.367734213098447,0.685063063408132,0.4807162448438679,0.02387146531074165
382,236.90396649986693,45.95808898847029,86.0466968814941,4.134754226457024,0.8021199707733568,1.5017981710476092
384,164.45316626508995,18.70325730561814,42.50107631063689,2.8702492166554854,0.32643342083071986,0.741783717261978
385,109.96970342860931,46.05842900060043,65.57221670801326,1.9193334022709294,0.8038712343565187,1.1444510793860687
386,216.49927394036555,34.185507735984864,78.4051726778662,3.7786251584365362,0.5966496664589283,1.3684284138234646
387,359.1700631989226,42.492517145395375,42.325907593470276,6.268700177417317,0.7416343316472914,0.7387264464009258
388,309.0620569721167,52.224461621148414,37.30882535337489,5.394150487149733,0.9114888053704553,0.6511618424679287
389,65.6560738549878,24.66863871864043,46.98828821218429,1.1459146627021028,0.4305489676252306,0.8201003391786557
390,94.50158279862931,15.717213044949618,24.139849105376076,1.6493637681821192,0.27431711687177435,0.42131984782342013
391,175.54466663110898,42.319142450600815,49.940518185038265,3.063832417028674,0.738608372383486,0.8716264724810205
392,114.27201302281182,17.629676203997793,5.774459696682726,1.9944228701299043,0.30769589582025697,0.10078333423082664
393,153.41432466488592,28.241015253908706,65.24619644828132,2.6775850851258056,0.4928987002866493,1.138760952425539
394,86.78806451085575,47.55750424185608,47.598885062495896,1.5147374771476747,0.8300350330515582,0.8307572646189003
395,73.67776285276723,19.99414043347836,22.19871166018761,1.2859195472843583,0.34896358167032365,0.38744060817113046
396,78.51741249696441,26.781780947811907,59.49148692164356,1.3703873682185712,0.46743025708720537,1.038322323689826
397,301.9245802665719,31.448895222670735,31.397323495856345,5.269578018353578,0.5488867677503195,0.5479866713164694
398,68.31144254641514,32.87749277171099,60.09596873983609,1.1922595892218835,0.5738204986669931,1.0488725216857273
400,27.809947071408033,30.550281464069478,82.04896108969743,0.4853751412014248,0.5332029989590061,1.4320245188559346
401,105.23745845875543,19.881773982654586,32.550838218621976,1.8367401465360393,0.3470024171346685,0.5681193011989593
402,159.83276268470848,16.834218405227404,76.48714077945455,2.7896079614068947,0.2938125381710472,1.3349524420379038
403,321.1643862187451,29.086319089312198,9.263889043421655,5.605375979663803,0.5076520353941765,0.16168536534713582
405,46.928543468058365,9.172993592703946,15.704756718058372,0.8190575966828969,0.16009894045702755,0.2740997129548174
406,314.26174651731856,47.36715370992232,41.835468386363935,5.484902189795031,0.8267127895363915,0.7301666674560499
407,266.0245713527831,31.29874087654843,79.36555632114099,4.64300466131265,0.5462660800243061,1.3851902704809083
408,17.74194404268445,13.083968680753815,35.42486073380707,0.309655339249437,0.2283583327069729,0.6182804568653879
409,79.55628146116878,20.318882742489585,44.59804610538654,1.3885190521407205,0.3546314041830984,0.7783827444952292
410,116.55276069035108,23.25061245555607,82.82554689975238,2.0342294263356453,0.4057997404546571,1.4455784981656608
411,57.218565987779364,18.521671655305713,54.595258445608295,0.9986523697563914,0.3232641533583929,0.9528670158531063
412,254.98090194011675,20.897258707326543,21.663098863679235,4.450256268559834,0.3647259690839022,0.37809240135624483
413,95.24212290913589,48.06939068808628,53.44770375256493,1.6622886313535414,0.8389691369346082,0.9328384081127866
414,229.69361278771558,34.542605341509585,47.24328212674853,4.008909813946588,0.6028821954263225,0.8245508225603508
415,256.46758328315144,36.340316553389094,4.944054239286151,4.4762037529237615,0.6342581750736374,0.08629002487272693
416,308.2042039788053,9.110584796366691,26.21259940504458,5.37917812791836,0.1590097014787359,0.4574961651243346
417,99.86427331808383,31.01366004119366,17.94017547164113,1.7429603745120854,0.5412904808130296,0.3131151303656643
418,4.9958945443298814,39.059987438936865,37.44281993789769,0.08719480888097823,0.6817253865970758,0.6535004891476933
419,155.61542155683205,22.66211700792712,61.01600672381574,2.7160014730456794,0.3955285572605341,1.064930213749583
420,52.40466244163415,19.34515013294168,59.46395263881034,0.9146339030027267,0.337636564112451,1.037841759797211
421,150.15075081496084,15.075341862644516,69.99014084567504,2.6206249760626257,0.26311435136688155,1.221558401691598
422,263.21766667604624,27.422902293888043,66.24148488411434,4.594014932913965,0.47861993548105203,1.1561320126378498
423,44.69730002774832,35.10780907844999,53.28325340734408,0.7801150522359609,0.6127468615805085,0.9299682081326415
424,197.35967303852792,28.28621983420931,89.08575896325696,3.4445761051817936,0.493687669049877,1.5548398105468841
426,141.78171090618727,49.933039850154955,51.049223690994474,2.4745576744237208,0.8714959509147399,0.8909770339949459
427,2.292109374911904,37.04212930602375,39.032496189598284,0.040004855408041835,0.6465071183395966,0.6812455737806309
428,163.18037613539218,33.687775017134946,45.85621834384561,2.8480348382053737,0.587962591720094,0.8003419926135271
429,186.62095647593463,16.4777429553718,33.79959250674909,3.257150143726093,0.28759086786853894,0.5899141750751753
430,71.46728975382791,19.639008345964893,42.17598046890569,1.2473395136811047,0.34276535746373304,0.7361097244392263
431,137.8680892359415,24.25145548704156,84.22667874341393,2.4062520906005327,0.4232677466497202,1.4700328620920933
432,256.87389177454975,33.43614209900213,11.68961095076467,4.4832951738774725,0.583570768792275,0.20402219936802823
433,74.16134891552656,35.097845053562416,88.41120845485774,1.2943597162962646,0.6125729565394696,1.543066683204316
434,136.2538167237507,46.6899495009892,30.102811652686466,2.3780777202383625,0.814893346382145,0.5253931774470946
435,153.76819600056828,33.70776230720714,40.563205768913,2.6837613050618927,0.5883114357404049,0.70796149583149
436,307.4927571004144,45.79854293493187,18.0163604062503,5.366761037437403,0.7993353668305482,0.3144448083150109
437,167.13812287233674,45.00499863388575,50.858332081679976,2.917110549725118,0.7854854060168562,0.8876453468979772
438,81.46559232220005,44.12351562247666,14.659458917175831,1.421842813109804,0.7701006251673731,0.25585582466556095
439,319.71009476613074,11.985727838083402,27.165006550181513,5.579993805532072,0.20919041402249716,0.47411880562649367
440,162.15308265584827,41.91692967742119,41.374445663662236,2.830105184603063,0.7315884351979244,0.7221203030183964
442,30.29468986389748,28.484759248556102,47.33280891880834,0.5287420839955639,0.49715283552520984,0.8261133598505428
443,19.580106168851707,31.922610832140407,59.608463627122845,0.34173732053651507,0.557154664853657,1.040363952348575
444,345.6714653144149,7.921662871657526,76.54907929240476,6.033105199929916,0.13825909934341282,1.3360334730226742
445,193.18485950568873,29.57513014230952,51.85098081842087,3.3717118633769334,0.5161833976891202,0.9049703356698683
446,113.67223671371728,29.687812445626722,61.13690968522564,1.9839547987607453,0.5181500748907363,1.0670403685015974
447,159.8592401617502,40.2531840985059,22.428889253579012,2.7900700805588934,0.7025505969303534,0.39145796504012714
448,297.4002809595054,42.959184410127264,83.43147129492475,5.1906140990995695,0.7497792119281389,1.4561538738795736
450,74.7105799044241,43.69807097204169,8.531927528658715,1.3039456054065108,0.7626752152322865,0.1489102269166374
451,171.68842520546636,36.807786024666115,45.482450165581696,2.99652830739941,0.6424170564999785,0.7938185072636407
452,261.1054641887422,37.038459713325175,14.154081713435298,4.557150045041697,0.6464430718647993,0.24703532849576648
453,292.1446412685829,26.932362788421294,29.69146522147967,5.098885882194475,0.4700584059995525,0.5182138278562076
454,32.100218234002654,24.697223100953714,65.03791708079318,0.5602544987920658,0.43104785921124616,1.1351257916988997
457,124.08265640254874,44.43424965278612,37.59263020699908,2.165650898845298,0.7755239570942649,0.6561151715968114
458,80.85088362586909,41.69538715539706,41.379122926768034,1.4111141224181867,0.7277217887554311,0.7222019366595747
459,351.31939779129857,18.349769418109656,15.511838838799385,6.131680217581854,0.3202638933277775,0.2707326607757832
460,180.53621496606095,13.065682735772521,31.627550754963377,3.150951370246027,0.2280391827602108,0.5520048950157292
461,242.76123668569122,8.121598145783187,45.400345401776576,4.236982876378558,0.14174862816778303,0.792385508803669
462,259.1347575363914,44.93327815497398,8.733352546832526,4.52275472536722,0.7842336475187389,0.15242575667965985
463,28.63621664418822,38.22978542027906,9.83555746514318,0.4997962657554859,0.6672356279147937,0.17166286153585592
464,65.19671374648085,34.37059238377074,71.69381760274456,1.1378973163563384,0.5998800029576858,1.2512931704921606
465,260.9747041916199,36.99946936300441,14.690565922901603,4.554867852562014,0.645762561875196,0.2563987443359124
466,30.558134472750723,16.448676459386917,17.692434664515194,0.5333400598166815,0.28708356181158506,0.3087912375897685
467,167.86062630574946,42.22544953378095,33.31368319048052,2.929720613495134,0.7369731224991822,0.5814334576401743
468,3.8780426481450356,35.75850795009132,32.80030126944677,0.06768461274289084,0.6241036993296617,0.5724732527979219
469,282.1002426595355,45.26112165608727,25.579177475059808,4.923578055083859,0.7899555960444314,0.4464408668917634
470,133.01875441438514,13.013253414212397,56.55780661208851,2.3216152314327623,0.22712411847439976,0.9871199430871638
471,327.6096574229646,34.72159595003839,8.626387136147057,5.717867183361413,0.6060061708752984,0.1505588580774505
474,137.61797439116586,20.25206970052273,70.79637713302431,2.401886763051083,0.3534652966175036,1.2356298794548977
475,340.15327303746903,27.906249136405677,83.21463040179243,5.936794575939087,0.48705592931210323,1.4523692863414497
477,45.59275934725583,22.214060939506503,88.85828956106943,0.7957437656790348,0.3877085036330533,1.5508697205311683
478,18.399128824746388,39.7633028662132,358.71843460534404,0.3211253774904192,0.6940005564831186,6.26081777146322
479,47.512768986069844,39.015027843759846,83.77728724702236,0.8292542555463666,0.6809406936308731,1.462189500849596
480,155.17183016597892,13.978523711903264,27.411366131953276,2.7082593427417914,0.24397126334081123,0.47841859147224713
481,206.18282190156032,36.3343393188286,67.14375968656375,3.5985691032353033,0.6341538526503927,1.1718796786983734
482,316.3641668582735,47.41699048393666,32.21643629933055,5.521596347005598,0.8275826053315142,0.5622828866823355
483,159.60884981599224,6.289112015471305,27.35369584395887,2.78569994461021,0.10976571169671083,0.47741205506617135
484,146.12487805225422,46.03039417847469,9.118373404808443,2.5503602410870347,0.8033819344052137,0.15914563834019307
485,100.90039292370051,30.312107593241713,13.581184245955958,1.7610440730745616,0.5290460807208419,0.23703638141191483
486,304.3548346043279,19.781452892061182,62.4021864028657,5.311993958208295,0.3452514837946221,1.0891236131732431
488,281.4783288168412,41.958232869299025,6.595581998318934,4.912723610865114,0.7323093118877755,0.11511462195593251
489,11.427057354319166,15.835659132660945,29.484257150695505,0.1994397746471017,0.276384391088443,0.5145973647843185
490,265.15893145981335,23.289338313434527,75.52793342599648,4.6278963950437175,0.40647563418029564,1.3182111155107195
491,33.80060748275627,38.92838858513187,26.131086935979933,0.5899318897483294,0.679428553306328,0.4560735041577266
492,286.92530027335687,40.74943953888866,35.70184356306948,5.007791197043463,0.711211888295967,0.6231147192075063
493,23.9216538788024,39.79857169073345,13.45829360182285,0.41751162270757447,0.6946161135943052,0.23489153505189544
494,91.10407572049269,31.629691670821046,30.231928612442015,1.5900660833088225,0.5520422610464537,0.5276466935149939
495,121.89193663736751,51.248425925477875,30.13468314835233,2.1274156259543684,0.8944537688640111,0.525949439983999
496,231.86327995528686,2.1555386566369017,57.410293752029865,4.0467776496931265,0.037621246712329456,1.0019986505100502
497,354.941205263401,53.432343364832604,41.134526607462774,6.194892682843374,0.9325703187724745,0.7179329255494384
498,288.6017775814146,41.02371291315444,36.4460552514478,5.037051245904041,0.7159988617274596,0.6361036635015339
499,119.39102143275794,17.046506169025996,58.33142045616826,2.083766421320744,0.29751765861102863,1.0180753443253088
500,282.14171811126187,39.136986773260396,64.50204850303014,4.924301938275236,0.6830692785028654,1.1257731206589556
501,38.368956968408554,43.233147676010326,64.1571518685738,0.6696646296547513,0.7545607729473148,1.1197535388086453
502,109.53419584789371,17.22859885415133,15.6927230446329,1.9117323610700472,0.30069577551026305,0.27388968573243316
503,349.7877658497436,9.671756211558014,29.797361896463883,6.104948197273006,0.16880399034190058,0.5200620735015965
504,111.71877679912379,25.6850754411172,33.47189973563724,1.9498604914453617,0.44828913507063,0.5841948572842893
505,156.4461520533753,39.58775028505493,34.89530018156963,2.7305004554070864,0.6909365859315323,0.6090378816401651
506,75.3169000285102,44.3038438394733,34.529944535239814,1.314527887892914,0.7732479462882152,0.6026612226709579
507,219.91109474464548,38.10328606328309,357.485731455661,3.8381726649592625,0.6650277976335585,6.239303042801545
508,43.61876598135195,24.669373778005056,85.01751231971754,0.7612910820314871,0.43056179683134094,1.4838355118339133
509,243.93481949375098,34.437416766854,39.969968438432446,4.257465760424002,0.6010463084631027,0.6976075511688626
511,291.48660364172355,42.65749600085898,44.72557783243941,5.087400959003769,0.7445137558713031,0.7806085930330564
512,101.64590866670521,4.2146729734210036,356.63958245374516,1.7740557774154455,0.07355992028101598,6.224534956755651
513,41.89228747576261,55.1282125660586,47.63772479011478,0.7311583476440416,0.9621688200170346,0.8314351457464275
514,196.17960741237167,38.78395197189545,72.75052979721872,3.4239800746157583,0.6769076588449229,1.2697362775317091
515,171.75207348169627,34.036376054270896,63.23355165093964,2.997639179382841,0.5940468275939833,1.1036336740387929
516,286.72512517719264,50.719645398850275,34.591646319119036,5.004297482534901,0.8852248076539299,0.6037381219540042
517,239.81912727767318,17.877150295447038,16.712435322933008,4.1856333802547425,0.31201513352942783,0.2916870224117828
518,287.2760461738795,38.67176174818014,8.843902545988492,5.013912867845455,0.6749495700525416,0.1543552181530084
520,146.43499848355103,0.7599408278513986,14.52836709255131,2.5557728636908688,0.01326346956633833,0.2535678407034161
521,102.17671577587485,19.103885837852935,52.18678512505645,1.7833201091634487,0.3334257077956493,0.9108312264630358
522,346.4905859013826,38.81300024803337,3.0460326542261784,6.04740155114337,0.6774146469055581,0.05316329893950878
523,53.60568463287916,41.4685931985246,26.324800655662273,0.9355956946294691,0.7237634874843808,0.45945444637246874
524,186.1594428359196,13.305576228421574,34.3311720764999,3.249095211164967,0.23222611406104557,0.5991919888036618
526,24.162237422308486,41.4675728211064,11.398546096327031,0.4217105976678706,0.7237456785388202,0.19894215932125342
527,221.14086257931507,5.648405613663014,59.01988984710501,3.8596361627093683,0.0985832754465504,1.0300914019963552
528,199.81180263212326,19.05657310019256,71.72828593703336,3.4873738402756227,0.33259994474534343,1.2518947564131782
529,244.55411290676176,32.94611430037627,39.62227997812592,4.268274469516953,0.575018170279954,0.6915392427653241
530,295.0558647628154,51.78820680070978,40.048976704136244,5.149696317430247,0.9038747223761046,0.6989865055416844
531,237.4760355422656,36.99870517424184,80.71184192982938,4.144738714795612,0.6457492242651824,1.4086873870247367
532,140.19548852354293,36.73045252164555,42.3977019461791,2.446872871177748,0.6410673322501687,0.7399794942400328
533,40.909277885612845,48.85719999976145,44.696685426703006,0.7140015937172483,0.8527190033012101,0.780104325424134
534,149.09246362268578,32.379940474062046,80.7261131172103,2.6021543801257394,0.5651365728721562,1.408936466232703
535,200.83229664777463,47.5239815208488,19.62841426711651,3.5051848208456375,0.8294499511957538,0.34258045590661285
536,134.81244160198412,19.456433976451535,6.732771916296056,2.3529209786072016,0.3395788335859722,0.11750903772517424
537,90.05908424557424,24.67797849858543,85.63247458446486,1.571827541416224,0.43071197753668256,1.4945686281292747
538,21.794508356185915,14.377475192316878,51.466199901672596,0.38038592966886126,0.25093428022973446,0.8982546417737686
539,339.4134800769518,22.81104111140244,10.750339398967615,5.923882752994985,0.3981277732017591,0.18762881821885316
540,75.92084475467782,14.69738230243719,46.00729335742736,1.3250687118645943,0.25651771260187395,0.8029787490180237
541,331.53183271653376,44.21327122867581,76.1386098272955,5.78632205607457,0.7716671560176716,1.3288694293776175
542,267.3962957092613,37.41236621270705,27.5582579377498,4.666945767762996,0.6529689713736192,0.4809823371275966
543,250.60026408790912,44.7198542324892,36.83483706217892,4.373799714701319,0.7805086973688583,0.6428891861706574
544,274.68141019956596,32.756661782595586,28.926787327526075,4.79409500200356,0.5717116000684879,0.5048676808895013
545,210.31731074709427,39.618043155304974,55.33930535407583,3.6707295464768497,0.6914652962572749,0.9658530841951497
546,215.94600752215953,27.816990309170734,58.407100114724116,3.7689688377981256,0.48549806889038466,1.0193962035438935
547,218.4501498830471,39.91863819178095,29.78473977463031,3.812674366934277,0.6967116693589331,0.5198417759170127
548,223.97381048993157,25.854914066488814,60.32180481632232,3.9090804312871197,0.45125337828042583,1.0528141047901978
549,263.02281727121834,37.72694475115321,39.13959111624515,4.5906141692541675,0.6584594026256163,0.6831147328628006
550,245.96928052626347,36.338330074180114,45.12385924382903,4.292973803944868,0.6342235044709182,0.7875599150112954
551,251.1636752294591,43.49928975467029,35.64557192866882,4.383633094163786,0.759205828498033,0.6221325939117363
552,59.18916773708775,19.02012962576007,14.632535734476008,1.0330458585273827,0.3319638861256301,0.2553859264823331
553,33.17612665528601,14.539449571155908,72.25948066978324,0.5790326431933948,0.25376126644434815,1.261165853468915
554,352.8549493575011,34.572750380024786,43.88326434478967,6.158480648246244,0.6034083256015533,0.7659074493396119
555,240.8612746504178,41.757446380138056,81.04771290939249,4.203822283200145,0.7288049265583968,1.4145494414800117
556,296.7027295302283,18.596564436541357,5.69827544527582,5.178439529956692,0.3245712789769308,0.09945366820560902
557,79.21583649928,25.345853270799783,75.89171418051735,1.3825771666339346,0.4423685913028301,1.324560287432498
558,209.3006403819315,40.34493310480727,83.62097672038674,3.6529853011973064,0.7041519191757453,1.4594613675042782
559,148.27688064165147,28.284519495402176,12.610985281280925,2.5879197717834606,0.49365799253929304,0.22010321507889535
560,308.42809332308815,40.27359208185917,28.73748286125277,5.383085734136227,0.7029067834335602,0.5015636946643016
561,11.036319862076235,23.98868843959277,23.177121449663243,0.1926201188964768,0.41868159650599474,0.40451708043122475
562,123.66130688236599,28.74284724979469,15.756025920580093,2.1582969624164106,0.5016573209067143,0.27499452934369323
563,334.8448694658835,25.18564576757317,28.016791141324436,5.844145455590294,0.4395724428851263,0.48898525125969133
564,10.38454846342918,173.87295864941555,280.23559377680164,0.18124456201975714,3.034655608616254,4.891033792686519
565,25.056141469654047,27.322918313519835,54.23460833875916,0.437312166490954,0.4768748858243774,0.9465724840409194
566,113.3305720246692,29.93111339615547,42.356954371226706,1.9779916249990537,0.5223964775506948,0.7392683148949105
567,241.32861905747907,44.225512041326866,7.416067090791185,4.211978981844144,0.7718807985015522,0.12943478828310342
568,288.20968889274616,25.15512210310222,31.88088619026358,5.030208007326951,0.4390397044403342,0.5564264324736908
569,108.24652313124224,26.60373867880367,89.76247604668252,1.889258232476379,0.46432283328529017,1.5666507517571533
570,103.89159601093316,29.38202719548172,2.20517319339717,1.8132504155425904,0.5128131154716715,0.038487532801498296
571,212.6972811391773,41.811383360743726,37.863220891936145,3.712267865918679,0.72974630445855,0.6608378699741898
572,292.37167843265934,51.619577636214885,49.320046016835434,5.102848428232,0.9009315882407813,0.860797190228893
573,127.08227585353487,43.81256379092883,15.26850499885277,2.2180041345718706,0.7646734918917566,0.26648568408719386
574,321.14424395985037,37.942766122049676,6.102616724077587,5.605024430927301,0.6622261961439274,0.10651075482242421
575,130.6564079721463,29.72990621395843,83.82369051219085,2.2803845079429204,0.5188847497426964,1.4629993906104624
576,210.59201644626853,9.124922571530643,26.711391629958015,3.675524065401434,0.1592599428627575,0.46620173173242213
577,154.53201102833657,45.623136484153434,15.192009275415856,2.6970923921726615,0.7962739467352272,0.2651505818495247
578,66.10811132170892,40.38865178965377,79.5836199612946,1.153804204838761,0.7049149541709586,1.388996198980473
579,332.2705794471912,49.581929853460416,37.829222990184114,5.799215618862887,0.8653679254357539,0.6602444946498472
580,59.81955537260964,21.189712592915267,11.577886421326326,1.0440481983311016,0.3698302522976763,0.20207223847408778
581,182.18338823593166,119.07060580781223,192.47530441731155,3.179699967156111,2.078174113690606,3.359327790860472
