Grain ID,Euler1 (rad),Euler2 (rad),Euler3 (rad),Size (pixels),Size (um^2),Peak SAW Frequency (Hz)
0,5.059767682341872,0.6844570981349702,0.17492030433069933,32,18012.323681280002,289466719.59772396
1,4.039301931544539,0.7103243746092781,0.8841048221579946,60,33773.1069024,301080448.69589156
2,1.6165282722588592,0.6316403489578194,1.1691658194593941,92,51785.430583680005,297923050.7320394
3,2.6049236649776173,0.2933198199048943,1.4725323166316835,14,7880.391610560001,289045983.0866807
4,5.001730116821507,0.7329696293513502,0.36955722998524354,134,75426.60541536001,290311877.9031188
5,5.549875797169431,0.448569745973385,1.4708835361144816,119,66983.32868976,288626467.8717509
6,6.042049550633396,0.6909518677016246,0.39445543541493117,60,33773.1069024,295049905.5840302
7,5.291285884635336,0.8538174637128786,0.5267733348316292,39,21952.519486560002,293093052.85723853
8,1.4994996504499523,0.795510855010809,0.3828920041668657,151,84995.65237104,292877225.8669166
9,4.240807302086372,0.8106875300127633,0.5225137705498988,74,41653.49851296,299493428.2584885
10,3.7026825545663296,0.7181285122659272,0.27125506815072425,117,65857.55845968,300625300.6253006
11,0.3799479537225966,0.5802042790961444,0.18981159248028862,12,6754.621380480001,301994891.9721129
12,0.7154233701337855,0.5294636635338194,0.398658209232139,101,56851.39661904001,299043062.2009569
13,3.767853151703709,0.12068109288268788,0.34634357837028196,97,54599.85615888001,289677547.50711775
14,1.3344791699388374,0.5620793570262926,0.39001441127950814,11,6191.73626544,295488315.5477509
15,0.8127482064807559,0.703083679926117,1.1292623630106695,166,93438.92909664001,302224371.3733075
16,2.342285560829089,0.7696759961042998,1.2735745672016814,42,23641.174831680004,289677547.50711775
17,2.7908978394015804,0.8249463784998164,0.5638012688092869,80,45030.809203200006,296369055.6835117
18,1.3148639519070182,0.26781616264090685,1.4016699477386514,347,195321.13491888004,291375291.37529135
19,3.8941223523933157,0.5007570489148419,0.9350943168127956,24,13509.242760960002,297477391.71822935
20,5.3365798310699155,0.7529343805698349,0.42526286518718825,122,68671.98403488,290948992.48520315
21,4.454238005568484,0.7523659399172425,0.9106482368743021,109,61354.47753936001,295928030.30303025
22,1.106124438679648,0.5067898269964198,1.4285793442934787,32,18012.323681280002,300171526.5866209
23,5.5497004784335235,0.7342382409189844,0.11601516481363579,95,53474.08592880001,288417166.58975536
24,4.6448365567496985,0.5811661879856592,1.012431474811405,27,15197.898106080002,298594048.5940485
25,0.6886085305863533,0.6847602567978329,0.27588332154692347,82,46156.57943328001,301308539.9449035
26,0.00020680973374520136,0.49066813333053544,0.44291696855235346,30,16886.5534512,295268947.830195
27,1.3654965639880077,0.44131352424564296,1.3771890781997598,34,19138.093911360003,295488315.5477509
28,2.233301751779618,0.3597213398606648,0.4544659449010694,31,17449.438566240002,289045983.0866807
29,5.60894994468225,0.5835675851533649,1.2957305288755334,38,21389.634371520002,289256198.3471074
30,5.318473738141691,0.5918016463515088,1.0361788666125982,22,12383.47253088,289677547.50711775
31,5.984682242124246,0.47206548159027323,0.7054730610408365,26,14635.012991040003,292017087.17127216
32,2.9216097938849392,0.6073943196160252,0.995777489994283,28,15760.783221120002,292661716.5027761
33,2.1402164366855576,0.8436260225354312,0.5098664383383488,35,19700.979026400004,292877225.8669166
34,3.268068549157374,0.7148060255049061,0.5767962630545913,37,20826.74925648,299719120.3671987
35,3.908161585555619,0.28095838149045127,0.7695722711962082,29,16323.668336160003,291375291.37529135
36,3.028911106286502,0.43771403019829697,1.1600347927916395,13,7317.506495520001,290736310.4731525
37,4.442391278222693,0.6391718189786861,1.0885863954515738,66,37150.417592640006,299493428.2584885
38,2.6674608822630304,0.41286903674148406,0.9114396431546637,15,8443.2767256,290100125.9863404
39,0.11672723006832879,0.1881988810351358,1.190813203903239,86,48408.11989344001,289045983.0866807
40,0.19608311499987283,0.7802210657580358,0.9456269036674829,24,13509.242760960002,293742446.6228011
41,2.4633819956975196,0.15182596338277984,0.5899054046353561,88,49533.89012352,287999473.3723915
42,0.028793724613594078,0.16028343093545402,0.7382732122819452,57,32084.451557280005,290100125.9863404
43,0.5219005429612201,0.29596526636603726,0.6418830936434652,30,16886.5534512,292017087.17127216
44,6.166209970844397,0.6318965253175578,1.5398156776172447,73,41090.61339792,293093052.85723853
45,6.112121493120372,0.805446568631772,1.4791972417667985,98,55162.74127392001,292017087.17127216
46,0.9645406836426074,0.466782919445928,0.8436449946847516,62,34898.877132480004,296148378.79916054
47,1.4783826557370263,0.6659530309628672,0.2642252765919032,207,116517.21881328002,294831188.0854504
48,6.05304054926641,0.41165280479925437,0.1269204636731096,165,92876.04398160001,290100125.9863404
49,5.395439005797339,0.23144650770363243,0.1231567592164883,121,68109.09891984,289045983.0866807
50,5.558846449857028,0.6602902572736828,0.16758353350321506,210,118205.87415840001,288626467.8717509
51,1.393540509848449,0.7101783493043312,0.4222006076977889,123,69234.86914992,295049905.5840302
52,2.6147100643968817,0.5544681160816339,1.0814960232185133,93,52348.315698720005,290523939.17258775
53,3.2999778980388608,0.19729373974164943,1.007754898424538,48,27018.485521920004,289466719.59772396
54,0.4608925736144432,0.6488237489089761,0.7784134077326844,96,54036.97104384001,297923050.7320394
55,0.45895088545783963,0.7500745925078597,0.5863818732832623,108,60791.592424320006,297477391.71822935
56,3.1414419299555307,0.6440326307522931,1.1859040156320984,49,27581.370636960004,292446524.0641711
57,3.9251239216113434,0.6546364331387486,1.3663594947318665,36,20263.864141440004,302684378.0268437
58,3.0957050132775032,0.3351214778643959,1.1171703639094297,24,13509.242760960002,290311877.9031188
59,1.833751530692975,0.7949415303486288,1.1474842433335966,54,30395.796212160003,296590061.6907327
60,4.031743892987352,0.6120755215229529,0.6614511670399446,24,13509.242760960002,300171526.5866209
61,2.126832519950985,0.25911062711828375,0.2390844233131933,219,123271.84019376001,289256198.3471074
62,1.1343537251254279,0.8690516309977511,0.7545015836362328,181,101882.20582224001,296148378.79916054
63,2.791347547383718,0.250302951197445,1.3413092916790064,43,24204.059946720005,289256198.3471074
64,3.8382867746798888,0.24330012433954804,0.0648718159599874,35,19700.979026400004,292446524.0641711
65,1.3368546957371839,0.16165756581333662,1.3748640801128997,12,6754.621380480001,289677547.50711775
66,4.911415028393421,0.3138341627729595,0.35745545026182385,255,143535.70433520002,289677547.50711775
67,3.4729092777265853,0.3231696066401425,0.5017706510554603,320,180123.23681280002,293309198.1764548
68,2.3052355327309946,0.8178710978297613,0.7987440728638648,143,80492.57145072002,291588909.6241002
69,3.37019466776856,0.2503088814392447,1.128130048858371,337,189692.28376848003,290100125.9863404
70,1.5055065548230153,0.4663269421486916,0.16944149961841581,377,212207.68837008002,292877225.8669166
71,0.6422460949624312,0.592840317938824,1.1097798598251005,107,60228.707309280006,300171526.5866209
72,1.6507028613667554,0.5502257811209949,0.7400626670152721,144,81055.45656576002,294394724.44653785
73,3.343292973101456,0.3171525287576842,0.8591259352681426,65,36587.532477600005,291375291.37529135
74,1.3020926607893946,0.24853947988543948,1.024520584477162,132,74300.83518528001,291588909.6241002
75,1.115516429110341,0.20053472779216583,0.6901218962007085,79,44467.924088160005,289677547.50711775
76,2.418438441969106,0.5244779802677092,0.8051969088178556,83,46719.46454832001,289256198.3471074
77,5.3090129151858685,0.37419693292196465,0.04628698113537607,100,56288.51150400001,288836073.1497986
78,2.4547322532327103,0.2719234676663109,0.04600739050910366,112,63043.13288448001,288836073.1497986
79,0.3150296779389177,0.508353670662111,0.8385695699755591,396,222902.50555584003,294831188.0854504
80,0.7177102138866056,0.7574232170090645,0.8090677636130683,29,16323.668336160003,301994891.9721129
81,3.9685423150300085,0.45026173639314904,0.8467151427025804,11,6191.73626544,295928030.30303025
82,0.921366614268018,0.7441503369317894,0.5958846861397967,222,124960.49553888002,301994891.9721129
83,3.2610860686801515,0.5443782906870809,1.1362571861066117,53,29832.911097120003,293525662.5293525
84,1.996943806957324,0.7272017503280628,1.314263985010549,90,50659.660353600004,291375291.37529135
85,3.4307421902465784,0.5753118878770122,1.3923022539439764,100,56288.51150400001,297923050.7320394
86,0.916544314411396,0.7742440909503953,0.6705654039962845,13,7317.506495520001,301765760.79459226
87,4.877500408911745,0.6766789238869909,0.46045627207853257,86,48408.11989344001,291161985.8911221
88,3.2008444169460297,0.3756135917442194,0.3409809837332224,44,24766.94506176,292877225.8669166
89,1.4034717557541871,0.6934003257346149,1.1055351074538509,82,46156.57943328001,301765760.79459226
90,0.8014902016804042,0.5753802768379389,0.19452470779277095,35,19700.979026400004,301536977.04872835
91,5.1621971643177655,0.7658319697160012,0.02852454093165353,120,67546.2138048,289045983.0866807
92,3.413141265712088,0.8858023256348306,0.8343427996922278,40,22515.404601600003,293525662.5293525
93,2.7929390434981785,0.49116408255828337,1.5253328543509712,98,55162.74127392001,289677547.50711775
94,4.7250221877241465,0.7049599750838845,0.7892373297567447,62,34898.877132480004,296148378.79916054
95,0.728027864062005,0.22433604469202373,1.5194960824161896,132,74300.83518528001,291802841.32595205
96,2.953034906985297,0.6586436696765763,0.11114540080126836,66,37150.417592640006,293309198.1764548
97,0.008919393242153168,0.7558316877959704,0.3028815870935343,308,173368.61543232002,300625300.6253006
98,2.934944624784117,0.6628120365274028,1.4524254613930312,77,43342.153858080004,291375291.37529135
99,2.576147766567834,0.48677741891838927,1.216093887041496,73,41090.61339792,289677547.50711775
100,1.9987412664083488,0.827856121035694,0.38333173761948774,189,106385.28674256001,291161985.8911221
101,3.170020847935004,0.1590656397179034,0.8063263250609592,69,38839.07293776001,289888682.7458256
102,5.825284957414453,0.5078316629769817,0.5261458992520927,314,176745.92612256002,290100125.9863404
103,3.189367170487247,0.7858379759026468,0.9886162274526834,35,19700.979026400004,292231647.85251486
104,3.5426563777558,0.5750579462409682,0.2261482088849499,22,12383.47253088,302224371.3733075
105,4.360909022784708,0.47478875156390954,0.4242709594131202,68,38276.18782272001,295049905.5840302
106,1.1831798196933132,0.27896524524839295,1.6643549682784502,66,37150.417592640006,291588909.6241002
107,4.1164026930499436,0.7254404621540813,1.2876963113617128,59,33210.22178736,300398242.2411425
108,5.33634824389404,0.6504082651568799,0.8746226178576828,135,75989.49053040001,290523939.17258775
109,0.705497766740839,0.5691645239806985,0.4270200223412234,47,26455.600406880003,299719120.3671987
110,3.529305790468949,0.22510215617754248,1.4893255468996607,285,160422.25778640003,290523939.17258775
111,0.6390580516377524,0.3228853850499599,1.1144666529358187,113,63606.01799952001,292661716.5027761
112,3.0062542922308526,0.3341105710096788,1.4473564506251289,46,25892.715291840002,289677547.50711775
113,5.855539634729671,0.5700957027466502,0.3223310171157809,84,47282.34966336001,290311877.9031188
114,2.3256834681174667,0.6758871517747017,1.2634520798711804,76,42779.268743040004,289256198.3471074
115,2.2517013303129327,0.07428781164447525,0.6363435937936399,142,79929.68633568002,288208168.64295125
116,4.3460213355208,0.6849700305965113,1.3505558739800885,84,47282.34966336001,304538493.6655993
117,1.445910576807727,0.6017731649443366,0.45721360484274987,44,24766.94506176,293959551.16575956
118,4.59904619972941,0.12823988808039638,0.7056279235264658,177,99630.66536208,289466719.59772396
119,1.7426300956644873,0.8411768217645036,0.6435986161176945,17,9569.046955680002,295049905.5840302
120,4.572730602839143,0.3811565799688004,0.3728221103042891,11,6191.73626544,291588909.6241002
121,5.486386048993484,0.45939823572339394,1.4505217051830261,66,37150.417592640006,288626467.8717509
122,0.475342808925746,0.7070048919068745,0.5356245361550088,65,36587.532477600005,297923050.7320394
123,1.6744158638127637,0.3164743714250838,0.6546107050701222,111,62480.24776944001,290948992.48520315
124,1.3907090940138402,0.7414010098443057,0.010043803655274809,99,55725.62638896001,299945152.8863293
125,3.4207830367853207,0.7819829096728346,1.20971738984297,269,151416.09594576003,297477391.71822935
126,0.7091903906670027,0.5503016130602316,0.25687929255377784,136,76552.37564544001,300171526.5866209
127,4.212620943715695,0.7358356210405761,0.32923174178849735,44,24766.94506176,302224371.3733075
128,1.1836768164090774,0.72879385032461,0.12155616081494476,51,28707.140867040005,302454199.79260284
129,2.2817088156700382,0.39285994337163294,1.2743071015614924,21,11820.587415840002,288626467.8717509
130,0.8566599703908154,0.37008593269466183,0.5216942307664619,47,26455.600406880003,293959551.16575956
131,3.1080968270777305,0.5281423919091202,0.4638589157650919,73,41090.61339792,295928030.30303025
132,2.2292670543420883,0.5007533226544579,1.3476287864663856,192,108073.94208768001,288836073.1497986
133,2.3005281134641113,0.8758335567140716,0.9182386821494338,346,194758.24980384004,292017087.17127216
134,2.2919452010051757,0.27389346665880443,0.735717521361731,214,120457.41461856001,288208168.64295125
135,5.835977352661487,0.45106323073633764,0.1517876819710425,22,12383.47253088,289256198.3471074
136,4.287922110081096,0.6864288312330821,0.5961117667198362,789,444116.35576656007,298370047.0572188
137,6.110051139310946,0.5057899489116583,1.1289729164978926,29,16323.668336160003,290736310.4731525
138,1.748898198949527,0.8553477241542856,1.1822144023259566,43,24204.059946720005,298818386.7222184
139,4.1925774778303495,0.7744838071120191,0.08575732476918616,19,10694.817185760001,305239656.7362031
140,4.553541503278905,0.49055342901013654,1.0071983626247678,28,15760.783221120002,296590061.6907327
141,5.673499946116707,0.6243982323475544,0.23576934784109183,54,30395.796212160003,289045983.0866807
142,1.1411198152736113,0.5704039325405506,1.5023592812443032,80,45030.809203200006,301536977.04872835
143,2.3281910463716633,0.768643708076278,0.716608164325252,657,369815.52058128006,290948992.48520315
144,4.887918989470707,0.2848447064411794,1.154464804652788,17,9569.046955680002,289677547.50711775
145,5.617512404984065,0.5389922913498828,0.6804098260951114,130,73175.06495520001,289256198.3471074
146,1.7418300674111444,0.7823855367906121,0.9420407910732281,31,17449.438566240002,299719120.3671987
147,5.8524316708620345,0.68046233947615,1.1686061877545084,235,132278.0020344,290948992.48520315
148,2.417531465708618,0.6258972498888773,1.1939862969857953,398,224028.27578592004,289466719.59772396
149,1.3432038921259075,0.8615909359975124,0.6336895297616958,200,112577.02300800002,293309198.1764548
150,2.5368775273700175,0.28347355615738257,0.3967795614947299,52,29270.025982080006,288417166.58975536
151,1.229482852711354,0.6553437780685519,0.25417253900870657,178,100193.55047712,299493428.2584885
152,5.446322586805938,0.5012860066480098,0.1465033749368226,99,55725.62638896001,288626467.8717509
153,2.436204916899,0.5757104278037479,1.4712888731025981,174,97942.01001696002,288417166.58975536
154,2.9980260614587584,0.6082733471020829,0.09368310243995348,395,222339.62044080003,293309198.1764548
155,5.683377348611118,0.416641530072926,0.5845676054458907,64,36024.647362560005,288836073.1497986
156,0.3532026444302218,0.3954639541548574,0.7494872641647333,130,73175.06495520001,293525662.5293525
157,1.8592359008301116,0.6214238533558705,0.9453836230953315,118,66420.44357472,294394724.44653785
158,1.2801015794451864,0.3986444260171675,0.8315295499272707,12,6754.621380480001,293309198.1764548
159,5.452081279041131,0.39644689717330844,0.7974720432417008,69,38839.07293776001,288626467.8717509
160,2.757641400798094,0.536226191806806,0.8979828503720163,13,7317.506495520001,292017087.17127216
161,0.11822916836757062,0.7537009391007122,1.1979947754854747,169,95127.58444176002,294176976.8692846
162,3.988830810215281,0.5736315241737596,1.4188672410530878,65,36587.532477600005,301308539.9449035
163,5.0420794376765015,0.7770493017507654,0.8750090023863019,14,7880.391610560001,296811397.5576662
164,0.8011404753587499,0.49041618467299264,0.8688505109587021,203,114265.67835312002,297255061.82905287
165,2.8664710875790007,0.13882931937469,1.5921565768165655,70,39401.95805280001,288417166.58975536
166,5.696197177470688,0.6657795322513193,1.128946230972191,65,36587.532477600005,290736310.4731525
167,2.9753043239972734,0.46104952865735055,0.8116609927957609,40,22515.404601600003,293093052.85723853
168,4.958620814032414,0.6198173358738345,1.2676109468621957,14,7880.391610560001,293309198.1764548
169,1.455903149819401,0.6090961296455846,0.9085608449570223,129,72612.17984016001,296811397.5576662
170,2.290257389785408,0.7446389730909768,1.4184920329616026,40,22515.404601600003,288626467.8717509
171,1.4983296554395857,0.5201752485149861,1.5862246350641216,99,55725.62638896001,294612794.6127946
172,2.90670528966887,0.24645620908829766,1.0056364418163029,12,6754.621380480001,290100125.9863404
173,3.0797221525701266,0.2074984883872661,0.4907675876312064,11,6191.73626544,289677547.50711775
174,0.6381604317436569,0.43389342183639895,1.0723954388518466,273,153667.63640592003,295488315.5477509
175,2.069404782159475,0.6965020344185235,0.6403987003226081,122,68671.98403488,292661716.5027761
176,2.400083034816414,0.7526573727553292,0.6557061497622871,126,70923.52449504001,290736310.4731525
177,4.6018546167114724,0.2324646455542955,1.3528169302400281,149,83869.88214096,290100125.9863404
178,5.935012760428632,0.2991741458643708,0.3676560955957049,105,59102.937079200005,288836073.1497986
179,3.568601944145275,0.5226723284294117,0.3520179088017374,169,95127.58444176002,299268075.7917778
180,0.021822499993473934,0.11160402210874266,0.767713896106053,72,40527.72828288001,289677547.50711775
181,0.6786086021268684,0.3063431881480727,0.7271748380502174,41,23078.289716640003,292017087.17127216
182,5.492517744905203,0.7298137314134052,1.2445884707375832,60,33773.1069024,289677547.50711775
183,2.616457573644634,0.6935867160154858,0.27220956570681787,44,24766.94506176,290100125.9863404
184,5.716486650078937,0.4426105400746485,0.5758502481924462,44,24766.94506176,289045983.0866807
185,5.8452302761849415,0.7431498909687596,0.9080127230300501,58,32647.336672320005,294176976.8692846
186,5.606826070610432,0.7801308851104164,1.2058680074414625,94,52911.200813760006,290523939.17258775
187,4.658206667646705,0.4579870674522139,0.3192553363998908,108,60791.592424320006,292231647.85251486
188,1.7768211641077434,0.4727533564659727,0.4778872024192304,60,33773.1069024,290948992.48520315
189,0.5384735867600079,0.3275483811808281,0.2537201209328555,139,78241.03099056002,294612794.6127946
190,0.253002160584076,0.35063891989316637,0.2394686931889528,61,34335.99201744,293742446.6228011
191,1.8446742025237497,0.7939519927705622,1.2164110638529364,70,39401.95805280001,295488315.5477509
192,2.429354348209659,0.6505933899995573,1.389457045746582,325,182937.66238800003,288836073.1497986
193,2.3317614819483894,0.6105394259593431,0.6926141037961853,78,43905.038973120005,289677547.50711775
194,4.008764606163632,0.7823919400487793,0.05368312110481879,29,16323.668336160003,307838446.3833379
195,5.725925281715606,0.47283440592239073,0.2986582536460129,125,70360.63938000001,289045983.0866807
196,2.030758685807385,0.12019572021083852,0.7116632902687273,53,29832.911097120003,288626467.8717509
197,3.9865066683772974,0.4920439808469564,0.34241448096299637,112,63043.13288448001,298146381.3547771
198,6.057732714576038,0.2678633460677833,1.536594585391945,126,70923.52449504001,289045983.0866807
199,0.03130487297479152,0.6569265098665991,0.17142013379860815,126,70923.52449504001,297923050.7320394
200,0.8861622855260864,0.7329316086088798,1.4106522139010544,375,211081.91814000002,301308539.9449035
201,1.5266214715035689,0.5663432058441262,0.3383547436301307,127,71486.40961008001,293093052.85723853
202,3.6519826785015144,0.3611503718016382,1.0675040444738988,188,105822.40162752001,293093052.85723853
203,6.221126642111877,0.2899602712613985,0.3930595144251452,126,70923.52449504001,290523939.17258775
204,5.0363414292150415,0.34618667333922376,0.1436378003882938,34,19138.093911360003,289256198.3471074
205,4.293383253344514,0.4248351346336279,0.5241068757666365,210,118205.87415840001,294176976.8692846
206,2.6927803591051975,0.576939987957328,0.7344409419335615,40,22515.404601600003,291588909.6241002
207,3.246644651100858,0.10190630948425412,0.596658095132592,206,115954.33369824002,289677547.50711775
208,2.3702216485425955,0.5677716845777155,0.10581341399848095,48,27018.485521920004,288417166.58975536
209,1.8264599493843783,0.8091112594025587,0.8535784201374018,325,182937.66238800003,298818386.7222184
210,1.0222269421064456,0.6281653200787842,0.2516418524052656,110,61917.36265440001,301765760.79459226
211,2.815563208704038,0.19934960609903504,0.8202181005323129,20,11257.702300800001,289256198.3471074
212,5.223540903481504,0.30030721472552363,1.2250211954362273,238,133966.65737952,288417166.58975536
213,2.2105746435070706,0.6420004920822264,0.13495492501286172,56,31521.566442240004,288626467.8717509
214,1.3375726874043683,0.46199498029018116,0.5142958161949958,135,75989.49053040001,293525662.5293525
215,4.945482976648105,0.6687328614540374,0.39003576252671013,32,18012.323681280002,290523939.17258775
216,3.215420426670167,0.7714353940479479,0.4740254173871342,132,74300.83518528001,302684378.0268437
217,5.1737736875490175,0.305581975156962,0.9955839327531797,20,11257.702300800001,288836073.1497986
218,4.017907067187408,0.7789464847079801,0.030386592658567465,31,17449.438566240002,307838446.3833379
219,4.096563863915042,0.5449122521074089,0.26873207903213187,151,84995.65237104,299719120.3671987
220,0.7487431609436334,0.7559057776461523,1.2159384043394859,268,150853.21083072003,303608605.1353227
221,4.941883967148343,0.4713483264804078,1.184392448444074,16,9006.161840640001,291588909.6241002
222,1.9801959624852616,0.4994228311719284,0.8853010702756634,114,64168.90311456001,290948992.48520315
223,4.7010044330082925,0.53989343725007,0.6034820341488516,126,70923.52449504001,292446524.0641711
224,6.2380523880806935,0.7163785762708178,1.47856115757323,341,191943.82422864003,294176976.8692846
225,2.9808341751832916,0.5713203929480107,1.411267412060359,191,107511.05697264001,291375291.37529135
226,2.6652587171745887,0.6026632044703276,0.9417367979703185,32,18012.323681280002,291802841.32595205
227,4.367064923337558,0.7056309676015479,0.13674944813817652,198,111451.25277792002,301308539.9449035
228,5.148697145799172,0.7900901247072429,1.3803582557904084,308,173368.61543232002,290948992.48520315
229,2.661541760808695,0.7751951543939252,0.9963905211762442,193,108636.82720272001,293525662.5293525
230,1.086518558892451,0.3854493857131834,1.237264029114657,239,134529.54249456,295928030.30303025
231,2.367961423914498,0.791638128604646,0.636471289395781,28,15760.783221120002,291161985.8911221
232,4.4828328918199665,0.6232156457332069,0.4495250105424595,51,28707.140867040005,295708009.46265626
233,2.662685117683632,0.5242296447907913,0.7612217925513115,190,106948.17185760001,290736310.4731525
234,5.683609855949241,0.6905158658601974,0.37860949739598115,345,194195.36468880004,290100125.9863404
235,0.3724370893216261,0.5912778641278812,0.5213417960798103,54,30395.796212160003,297477391.71822935
236,0.0626682345366016,0.5750106841491427,1.5439706069274022,152,85558.53748608001,295268947.830195
237,4.598152912190624,0.11642209687297578,1.3140956786535034,27,15197.898106080002,288836073.1497986
238,3.6279531635735376,0.6106787061381712,1.3635205606712564,74,41653.49851296,301080448.69589156
239,3.9505285850777816,0.8253385065199217,1.0591368111343773,49,27581.370636960004,302224371.3733075
240,5.881211415203789,0.7048421124995115,1.3253259614499124,25,14072.127876000002,289466719.59772396
241,4.10484269409698,0.5726336567770676,0.018436000918486697,150,84432.767256,302454199.79260284
242,3.860836390301713,0.3821695256181309,0.88809349669543,53,29832.911097120003,293959551.16575956
243,0.5651171732903716,0.6941037501101709,0.9488802547539714,90,50659.660353600004,300625300.6253006
244,4.642342603799401,0.7225871033233805,1.2825616623431224,123,69234.86914992,301080448.69589156
245,3.5368669579428107,0.6240564381436449,1.3113941169449037,129,72612.17984016001,299719120.3671987
246,5.0468941075377876,0.4282188063142452,0.740157349964168,163,91750.27375152001,291161985.8911221
247,5.328598569495937,0.306265379502203,0.9162204489108337,30,16886.5534512,288417166.58975536
248,4.480998478275703,0.1317137052329689,1.4457239603466616,288,162110.91313152004,289045983.0866807
249,3.657508793732681,0.5200978020074474,0.6838542120159313,37,20826.74925648,296811397.5576662
250,3.7729110943904915,0.6346711370653733,0.30173172874150167,195,109762.59743280002,300398242.2411425
251,2.6646280507515963,0.706623634454054,0.8063789135409484,71,39964.84316784001,293093052.85723853
252,4.529549765325827,0.6827360222717698,0.8585267491817286,16,9006.161840640001,295488315.5477509
253,0.9057644300105623,0.5039176576543366,0.11886962083620804,72,40527.72828288001,299719120.3671987
254,2.5503662346279303,0.14272142502078605,0.49751585307414065,231,130026.46157424002,287999473.3723915
255,0.9396643987650212,0.2512864535388785,0.3961077867746749,10,5628.851150400001,290948992.48520315
256,5.209921655817002,0.8390660323185891,0.9705747354015414,75,42216.383628,293959551.16575956
257,2.1580918311687665,0.201892795807731,1.2945784684403516,26,14635.012991040003,288417166.58975536
258,2.6863268362818333,0.8046236663470194,0.31871030316259136,310,174494.38566240002,292017087.17127216
259,1.0703353581242292,0.8675749202455248,0.7609940552779325,314,176745.92612256002,297477391.71822935
260,1.567346981328328,0.7171713986252615,1.1274020007872614,66,37150.417592640006,300852702.5168477
261,1.6244913743610143,0.7792168372971287,1.036946149047822,151,84995.65237104,301308539.9449035
262,5.137659408817629,0.44284328033943116,1.275639449624836,27,15197.898106080002,289466719.59772396
263,3.7751292283577644,0.3260551587016287,0.6926267400418243,158,88935.84817632001,292661716.5027761
264,2.3653923195573174,0.5248409856176471,0.910793343960646,26,14635.012991040003,289045983.0866807
265,3.9438445083372975,0.7441303473943225,1.3711569267761732,156,87810.07794624001,302684378.0268437
266,0.3534215208020276,0.705122266655232,0.2510605606834558,87,48971.00500848001,304538493.6655993
267,0.9599343358745845,0.5782488068165509,1.3303790169463376,140,78803.91610560002,300398242.2411425
268,1.6967566468785222,0.23272774580697067,1.2695047195056663,28,15760.783221120002,289256198.3471074
269,6.250429148189103,0.5673429318660551,1.4252958018820607,193,108636.82720272001,293093052.85723853
270,5.72349023500108,0.22051446534274408,1.080444166830765,109,61354.47753936001,289045983.0866807
271,2.5226314481995784,0.801390516583913,0.9946714468288709,82,46156.57943328001,292231647.85251486
272,2.028888799986372,0.42002585967154393,0.27520520532448284,200,112577.02300800002,289466719.59772396
273,0.1472346210502193,0.8061122264647241,0.6675245632968257,39,21952.519486560002,296811397.5576662
274,5.142254030758313,0.4405355330515473,1.268765611640135,36,20263.864141440004,289466719.59772396
275,4.500796923660179,0.733252355572383,1.469341434845252,182,102445.09093728001,301994891.9721129
276,1.3048810948463623,0.3148491657610083,0.8104335423011009,57,32084.451557280005,291802841.32595205
277,3.850004757322536,0.37218002873786077,0.24622019480354693,72,40527.72828288001,295488315.5477509
278,2.0672344455366574,0.5007020417108955,1.150838745086367,12,6754.621380480001,289466719.59772396
279,1.7305539201485511,0.836675542901626,0.8361421824943364,447,251609.64642288003,299719120.3671987
280,2.0434473659444734,0.6197065705231773,0.8786077281611829,93,52348.315698720005,291588909.6241002
281,2.5153182258666855,0.15500883388118414,1.3156219889650675,79,44467.924088160005,289256198.3471074
282,4.5243768310169,0.3339402927344381,0.6412218731182605,267,150290.32571568002,291375291.37529135
283,1.447183431892886,0.6970890330584264,0.980872239617993,54,30395.796212160003,299268075.7917778
284,3.6132268627492206,0.37813271597582704,1.2805469979654456,61,34335.99201744,293742446.6228011
285,3.3814813653735305,0.715929478597862,0.07767089417742354,218,122708.95507872001,301994891.9721129
286,0.612922792675175,0.3180511621005522,0.951128338040165,83,46719.46454832001,292231647.85251486
287,3.338444096379999,0.4432153101792412,1.3107178802570343,171,96253.35467184002,293525662.5293525
288,4.99877876092623,0.8090814873601987,0.6777476009367487,95,53474.08592880001,296590061.6907327
289,4.564182233611343,0.7444029617905075,1.01097703997144,32,18012.323681280002,299945152.8863293
290,3.9258805240572814,0.7964229208910888,1.0533254435235428,94,52911.200813760006,302684378.0268437
291,4.197725970456651,0.6584531383481635,0.6467846242601826,278,156482.06198112003,299493428.2584885
292,1.294934289287097,0.5346880434515202,0.5265287814657043,226,127212.03599904002,295049905.5840302
293,5.8361984717320565,0.2543660739459208,1.1537427048096347,302,169991.30474208,289466719.59772396
294,0.7470711903502322,0.38393675910380315,1.4570882460230274,77,43342.153858080004,296369055.6835117
295,5.8954136996730675,0.7454245459430429,0.5741461212670985,14,7880.391610560001,294394724.44653785
296,1.0197044358572982,0.8822465563176676,0.627855348129451,68,38276.18782272001,299268075.7917778
297,0.5529826081918945,0.5526464331886903,0.8391455944924332,10,5628.851150400001,297923050.7320394
298,1.6892216945345744,0.7705970693397781,0.6055831706283722,61,34335.99201744,293093052.85723853
299,0.40845411230041784,0.22994963012448885,1.2813493516598802,180,101319.32070720001,290100125.9863404
300,2.4965055594918337,0.24618627656818473,1.4982740488630195,66,37150.417592640006,289045983.0866807
301,2.9240702139182173,0.6581008403137637,1.112368444419616,21,11820.587415840002,291161985.8911221
302,6.007405008897542,0.7964367386492877,0.9271197228565444,227,127774.92111408002,295708009.46265626
303,3.6223040928686343,0.35764607006063615,0.6252758982719481,17,9569.046955680002,293309198.1764548
304,2.9253136852082657,0.7731449321927305,0.06885653085054697,82,46156.57943328001,293093052.85723853
305,0.6448341085025908,0.24789890548312607,0.22214649776632436,225,126649.15088400002,292446524.0641711
306,3.535374742910206,0.5578152971178343,1.423795084145956,64,36024.647362560005,299043062.2009569
307,4.713588627056781,0.14830170485598917,1.5572664952274138,290,163236.6833616,288417166.58975536
308,5.456634861676054,0.5655197396449011,1.3457697127173198,166,93438.92909664001,288836073.1497986
309,3.0015826138384494,0.7302840985140278,1.3631875655671306,61,34335.99201744,291588909.6241002
310,2.6872214298855406,0.39397534413800067,0.6759257211745358,101,56851.39661904001,289466719.59772396
311,4.947105650740897,0.5560260559532719,0.5791596545260619,24,13509.242760960002,292446524.0641711
312,5.058721391793651,0.26219864836319673,1.0329586660631074,93,52348.315698720005,288836073.1497986
313,3.2948200132170347,0.7194977521627601,0.15104221831179154,99,55725.62638896001,301308539.9449035
314,2.655168356091443,0.09967586282544426,1.2666805537472725,25,14072.127876000002,289256198.3471074
315,1.9967156814919318,0.1146539396206457,1.3009421828117331,279,157044.94709616003,287999473.3723915
316,3.128995228856022,0.471360778455638,0.3481750780330452,65,36587.532477600005,294176976.8692846
317,1.578167630478103,0.6236587305940058,0.64583708388587,61,34335.99201744,293093052.85723853
318,3.049659380300214,0.29791363829963957,0.059951921884507674,45,25329.830176800002,289677547.50711775
319,0.34817098018793874,0.0824791778525272,0.6185531115555782,161,90624.50352144001,289256198.3471074
320,0.8983195241796426,0.7029774030786017,0.3168118260573452,53,29832.911097120003,303377019.6241592
321,0.3111567667646992,0.4244535134121156,1.2081600490893252,13,7317.506495520001,293742446.6228011
322,4.395627738504462,0.15450194198822365,0.6660336320286366,38,21389.634371520002,289256198.3471074
323,4.303092195001003,0.77164940448158,0.6813270385587025,95,53474.08592880001,297255061.82905287
324,5.960945362571719,0.3625013860990448,1.0188751872949628,44,24766.94506176,290523939.17258775
325,3.2341238899298728,0.2342821133674083,0.27302615192444385,168,94564.69932672002,290311877.9031188
326,1.1204306775281332,0.5107102872589838,1.0567386129823968,74,41653.49851296,296811397.5576662
327,1.539255091943493,0.48856398762716824,1.1546397305098097,10,5628.851150400001,295708009.46265626
328,1.2200246612428747,0.36390565818785225,1.073209867005169,57,32084.451557280005,294176976.8692846
329,0.6625809744987622,0.7877462572981414,0.2319909546756456,107,60228.707309280006,301080448.69589156
330,6.028642512177019,0.6835654051137178,0.9228648034427022,152,85558.53748608001,294612794.6127946
331,4.5001683990332175,0.9225754973722635,0.8195036313605167,89,50096.77523856,293959551.16575956
332,5.886554011745892,0.7156127724270893,1.3366532412501422,206,115954.33369824002,289256198.3471074
333,5.509817770574387,0.7667692657780344,0.22248752704427638,85,47845.23477840001,289045983.0866807
334,2.936494665121452,0.8171957433766517,1.5764381136407968,36,20263.864141440004,292661716.5027761
335,4.731057570457804,0.21063331453660608,1.4932621124030012,33,18575.208796320003,289045983.0866807
336,0.47805504743669464,0.22053531463551693,0.23838381585737273,167,94001.81421168002,291802841.32595205
337,2.072399583561523,0.4799178268454587,0.9991122150122527,171,96253.35467184002,289677547.50711775
338,4.971930767992044,0.5359818481352864,0.2038290396951015,173,97379.12490192002,290100125.9863404
339,4.356799428723072,0.37418579211718894,0.5626347170584539,73,41090.61339792,292661716.5027761
340,1.698599277977235,0.7137417107556668,1.2539690430722004,44,24766.94506176,297033064.02335525
341,6.153690772634754,0.7757780051986238,0.03321254492458462,43,24204.059946720005,294394724.44653785
342,2.6411975609367624,0.8185680890413046,0.714752940979927,14,7880.391610560001,294176976.8692846
343,1.230744937429727,0.3726421490107301,1.0775199634837822,106,59665.822194240005,294612794.6127946
344,1.76304685334993,0.5372103117766994,1.4801631524404708,78,43905.038973120005,291802841.32595205
345,0.172064735428605,0.5821733668934238,1.572063645592034,127,71486.40961008001,297477391.71822935
346,5.200931863455687,0.7154997903203322,0.8921710010793575,35,19700.979026400004,292661716.5027761
347,0.5991752950987785,0.5322147388413638,0.27253851102429955,40,22515.404601600003,299493428.2584885
348,2.723708393836433,0.6965120383881613,0.34158327038428776,33,18575.208796320003,291802841.32595205
349,4.2997411218831925,0.8851732935164441,0.6700524642903543,431,242603.48458224002,295708009.46265626
350,2.6016091609661665,0.7681231568378479,0.6857410799692548,23,12946.357645920001,292661716.5027761
351,3.0920531881349085,0.717594772831882,1.622028923206555,19,10694.817185760001,295928030.30303025
352,1.3727129082894807,0.7133669730981403,0.7618354939717741,259,145787.24479536002,294394724.44653785
353,6.120435037053901,0.8215190471030622,1.1935176834505385,181,101882.20582224001,290523939.17258775
354,4.888286179477988,0.5517059905185382,0.6574316132309702,58,32647.336672320005,293309198.1764548
355,1.865460487546162,0.7527792582780629,1.0226147776393257,127,71486.40961008001,296148378.79916054
356,1.0681509762615797,0.45574646970419597,0.1242298235340367,142,79929.68633568002,297033064.02335525
357,3.1189722282048185,0.6494238236988855,1.0845725145512193,19,10694.817185760001,292017087.17127216
358,0.6762148044975665,0.18505354538264934,1.7348445202359561,739,415972.10001456004,291161985.8911221
359,1.239134849182288,0.7196052121570174,0.46463020808515615,19,10694.817185760001,297700054.4365813
360,3.3137380667282024,0.7410302277122514,1.3259572633943615,93,52348.315698720005,296811397.5576662
361,1.5223012689382396,1.5406507382209174,4.101852107665636,26,14635.012991040003,294612794.6127946
362,4.821527451489581,0.48177816609021384,0.853740463149215,50,28144.255752000005,294176976.8692846
363,1.322568917940116,0.707674085687756,0.2818881757989906,87,48971.00500848001,297923050.7320394
364,3.764817214147006,0.4837819756362672,0.07935330216867637,151,84995.65237104,300398242.2411425
365,2.0079061442956196,0.7986171448809519,0.2292353192451928,23,12946.357645920001,289256198.3471074
366,1.3724608295894678,0.825934924517803,0.9183029093725806,68,38276.18782272001,296369055.6835117
367,1.7379078643603993,0.5221709531282728,6.273154855160736,41,23078.289716640003,291588909.6241002
368,2.117333879391518,0.7737874906448793,0.3591941505262448,231,130026.46157424002,290736310.4731525
369,2.0727022849386043,0.6819654268350741,0.8832446919540975,125,70360.63938000001,292017087.17127216
370,1.8099093553460692,0.28045544896033253,0.35114654143856827,12,6754.621380480001,289466719.59772396
371,1.3502176502935617,0.49645270502545913,6.2396016681157676,158,88935.84817632001,296369055.6835117
372,4.236341180867839,0.5528746212785374,1.2701207678477546,55,30958.681327200004,300171526.5866209
373,6.180391163990826,0.8617857053398734,0.775684484482667,114,64168.90311456001,298370047.0572188
374,0.729309232276152,0.48490771640404284,0.3330160870886569,33,18575.208796320003,298146381.3547771
375,0.6902295177738935,0.49633225078608345,0.3688913539855742,38,21389.634371520002,298146381.3547771
376,2.33806991743158,0.27490453988625224,1.2776182222829402,31,17449.438566240002,288626467.8717509
377,4.5216528596421925,0.6178511802949259,1.3592889780837998,107,60228.707309280006,300398242.2411425
378,5.844051073261165,0.6954213331402365,1.5537275782324318,156,87810.07794624001,289256198.3471074
379,0.685063063408132,0.4807162448438679,0.02387146531074165,112,63043.13288448001,300171526.5866209
380,3.1171974410959296,0.6377515753628145,1.1442054284580168,15,8443.2767256,292017087.17127216
381,2.5040195907479768,0.596474838603212,0.31679376129226705,35,19700.979026400004,289256198.3471074
382,4.134754226457024,0.8021199707733568,1.5017981710476092,85,47845.23477840001,307838446.3833379
383,3.6604251113005275,0.4090725622315815,0.5012938160114557,48,27018.485521920004,295049905.5840302
384,2.8702492166554854,0.32643342083071986,0.741783717261978,43,24204.059946720005,290523939.17258775
385,1.9193334022709294,0.8038712343565187,1.1444510793860687,17,9569.046955680002,294831188.0854504
386,3.7786251584365362,0.5966496664589283,1.3684284138234646,149,83869.88214096,301994891.9721129
387,6.268700177417317,0.7416343316472914,0.7387264464009258,11,6191.73626544,297477391.71822935
388,5.394150487149733,0.9114888053704553,0.6511618424679287,46,25892.715291840002,293093052.85723853
389,1.1459146627021028,0.4305489676252306,0.8201003391786557,103,57977.16684912001,294394724.44653785
390,1.6493637681821192,0.27431711687177435,0.42131984782342013,43,24204.059946720005,289888682.7458256
391,3.063832417028674,0.738608372383486,0.8716264724810205,644,362498.01408576005,294831188.0854504
392,1.9944228701299043,0.30769589582025697,0.10078333423082664,133,74863.72030032001,289045983.0866807
393,2.6775850851258056,0.4928987002866493,1.138760952425539,164,92313.15886656001,290311877.9031188
394,1.5147374771476747,0.8300350330515582,0.8307572646189003,37,20826.74925648,296369055.6835117
395,1.2859195472843583,0.34896358167032365,0.38744060817113046,139,78241.03099056002,291802841.32595205
396,1.3703873682185712,0.46743025708720537,1.038322323689826,30,16886.5534512,296590061.6907327
397,5.269578018353578,0.5488867677503195,0.5479866713164694,103,57977.16684912001,290523939.17258775
398,1.1922595892218835,0.5738204986669931,1.0488725216857273,305,171679.96008720002,297255061.82905287
399,5.8916982824833015,0.36876406274724227,0.8347507127269838,79,44467.924088160005,290100125.9863404
400,0.4853751412014248,0.5332029989590061,1.4320245188559346,77,43342.153858080004,299268075.7917778
401,1.8367401465360393,0.3470024171346685,0.5681193011989593,13,7317.506495520001,290523939.17258775
402,2.7896079614068947,0.2938125381710472,1.3349524420379038,26,14635.012991040003,289256198.3471074
403,5.605375979663803,0.5076520353941765,0.16168536534713582,30,16886.5534512,288626467.8717509
404,0.334262775718228,0.4019821562749923,6.196631188849878,15,8443.2767256,294176976.8692846
405,0.8190575966828969,0.16009894045702755,0.2740997129548174,126,70923.52449504001,289888682.7458256
406,5.484902189795031,0.8267127895363915,0.7301666674560499,118,66420.44357472,291588909.6241002
407,4.64300466131265,0.5462660800243061,1.3851902704809083,109,61354.47753936001,296369055.6835117
408,0.309655339249437,0.2283583327069729,0.6182804568653879,40,22515.404601600003,290948992.48520315
409,1.3885190521407205,0.3546314041830984,0.7783827444952292,180,101319.32070720001,292231647.85251486
410,2.0342294263356453,0.4057997404546571,1.4455784981656608,204,114828.56346816002,288836073.1497986
411,0.9986523697563914,0.3232641533583929,0.9528670158531063,13,7317.506495520001,292661716.5027761
412,4.450256268559834,0.3647259690839022,0.37809240135624483,21,11820.587415840002,292017087.17127216
413,1.6622886313535414,0.8389691369346082,0.9328384081127866,97,54599.85615888001,301308539.9449035
414,4.008909813946588,0.6028821954263225,0.8245508225603508,141,79366.80122064002,299945152.8863293
415,4.4762037529237615,0.6342581750736374,0.08629002487272693,40,22515.404601600003,298818386.7222184
416,5.37917812791836,0.1590097014787359,0.4574961651243346,81,45593.69431824001,288626467.8717509
417,1.7429603745120854,0.5412904808130296,0.3131151303656643,155,87247.19283120001,290736310.4731525
418,0.08719480888097823,0.6817253865970758,0.6535004891476933,179,100756.43559216,297923050.7320394
419,2.7160014730456794,0.3955285572605341,1.064930213749583,36,20263.864141440004,290311877.9031188
420,0.9146339030027267,0.337636564112451,1.037841759797211,16,9006.161840640001,293309198.1764548
421,2.6206249760626257,0.26311435136688155,1.221558401691598,119,66983.32868976,289466719.59772396
422,4.594014932913965,0.47861993548105203,1.1561320126378498,195,109762.59743280002,296590061.6907327
423,0.7801150522359609,0.6127468615805085,0.9299682081326415,89,50096.77523856,300398242.2411425
424,3.4445761051817936,0.493687669049877,1.5548398105468841,40,22515.404601600003,297033064.02335525
425,1.8149788253015695,0.7869685243023506,0.5710760884487931,14,7880.391610560001,293742446.6228011
426,2.4745576744237208,0.8714959509147399,0.8909770339949459,154,86684.30771616001,292877225.8669166
427,0.040004855408041835,0.6465071183395966,0.6812455737806309,28,15760.783221120002,297477391.71822935
428,2.8480348382053737,0.587962591720094,0.8003419926135271,11,6191.73626544,293959551.16575956
429,3.257150143726093,0.28759086786853894,0.5899141750751753,131,73737.95007024001,292017087.17127216
430,1.2473395136811047,0.34276535746373304,0.7361097244392263,106,59665.822194240005,292231647.85251486
431,2.4062520906005327,0.4232677466497202,1.4700328620920933,169,95127.58444176002,288626467.8717509
432,4.4832951738774725,0.583570768792275,0.20402219936802823,27,15197.898106080002,296811397.5576662
433,1.2943597162962646,0.6125729565394696,1.543066683204316,169,95127.58444176002,300171526.5866209
434,2.3780777202383625,0.814893346382145,0.5253931774470946,108,60791.592424320006,290948992.48520315
435,2.6837613050618927,0.5883114357404049,0.70796149583149,74,41653.49851296,291588909.6241002
436,5.366761037437403,0.7993353668305482,0.3144448083150109,40,22515.404601600003,290100125.9863404
437,2.917110549725118,0.7854854060168562,0.8876453468979772,22,12383.47253088,296369055.6835117
438,1.421842813109804,0.7701006251673731,0.25585582466556095,74,41653.49851296,295928030.30303025
439,5.579993805532072,0.20919041402249716,0.47411880562649367,33,18575.208796320003,288208168.64295125
440,2.830105184603063,0.7315884351979244,0.7221203030183964,11,6191.73626544,296369055.6835117
441,1.844768467966325,0.5528686480182774,0.41729862938810885,10,5628.851150400001,290523939.17258775
442,0.5287420839955639,0.49715283552520984,0.8261133598505428,101,56851.39661904001,296369055.6835117
443,0.34173732053651507,0.557154664853657,1.040363952348575,88,49533.89012352,296148378.79916054
444,6.033105199929916,0.13825909934341282,1.3360334730226742,80,45030.809203200006,288836073.1497986
445,3.3717118633769334,0.5161833976891202,0.9049703356698683,15,8443.2767256,294176976.8692846
446,1.9839547987607453,0.5181500748907363,1.0670403685015974,22,12383.47253088,290523939.17258775
447,2.7900700805588934,0.7025505969303534,0.39145796504012714,148,83306.99702592,293309198.1764548
448,5.1906140990995695,0.7497792119281389,1.4561538738795736,16,9006.161840640001,289677547.50711775
449,0.13814094319655523,0.6776963485393881,1.1753823671149768,91,51222.545468640004,294612794.6127946
450,1.3039456054065108,0.7626752152322865,0.1489102269166374,61,34335.99201744,299945152.8863293
451,2.99652830739941,0.6424170564999785,0.7938185072636407,71,39964.84316784001,296148378.79916054
452,4.557150045041697,0.6464430718647993,0.24703532849576648,40,22515.404601600003,296148378.79916054
453,5.098885882194475,0.4700584059995525,0.5182138278562076,226,127212.03599904002,290948992.48520315
454,0.5602544987920658,0.43104785921124616,1.1351257916988997,70,39401.95805280001,295268947.830195
455,3.8667115152527733,0.5187244672074652,1.122386967853239,58,32647.336672320005,298594048.5940485
456,2.302713852675967,0.15349791763257223,0.07392922403039036,62,34898.877132480004,289256198.3471074
457,2.165650898845298,0.7755239570942649,0.6561151715968114,116,65294.67334464001,292446524.0641711
458,1.4111141224181867,0.7277217887554311,0.7222019366595747,143,80492.57145072002,293959551.16575956
459,6.131680217581854,0.3202638933277775,0.2707326607757832,38,21389.634371520002,289888682.7458256
460,3.150951370246027,0.2280391827602108,0.5520048950157292,63,35461.762247520004,290523939.17258775
461,4.236982876378558,0.14174862816778303,0.792385508803669,67,37713.302707680006,289045983.0866807
462,4.52275472536722,0.7842336475187389,0.15242575667965985,105,59102.937079200005,298146381.3547771
463,0.4997962657554859,0.6672356279147937,0.17166286153585592,135,75989.49053040001,303840544.48225564
464,1.1378973163563384,0.5998800029576858,1.2512931704921606,147,82744.11191088,300852702.5168477
465,4.554867852562014,0.645762561875196,0.2563987443359124,32,18012.323681280002,296148378.79916054
466,0.5333400598166815,0.28708356181158506,0.3087912375897685,29,16323.668336160003,293309198.1764548
467,2.929720613495134,0.7369731224991822,0.5814334576401743,165,92876.04398160001,297923050.7320394
468,0.06768461274289084,0.6241036993296617,0.5724732527979219,178,100193.55047712,299268075.7917778
469,4.923578055083859,0.7899555960444314,0.4464408668917634,154,86684.30771616001,291161985.8911221
470,2.3216152314327623,0.22712411847439976,0.9871199430871638,247,139032.62341488,288208168.64295125
471,5.717867183361413,0.6060061708752984,0.1505588580774505,21,11820.587415840002,289045983.0866807
472,6.1244321346453185,0.5627104355330522,0.03358109529328397,43,24204.059946720005,292231647.85251486
473,5.884627719480314,0.29978361474211623,0.960682500550247,194,109199.71231776002,289888682.7458256
474,2.401886763051083,0.3534652966175036,1.2356298794548977,62,34898.877132480004,288836073.1497986
475,5.936794575939087,0.48705592931210323,1.4523692863414497,202,113702.79323808002,289466719.59772396
476,2.130970555288071,0.690690601426274,1.1236392644839295,214,120457.41461856001,290523939.17258775
477,0.7957437656790348,0.3877085036330533,1.5508697205311683,15,8443.2767256,297033064.02335525
478,0.3211253774904192,0.6940005564831186,6.26081777146322,126,70923.52449504001,302224371.3733075
479,0.8292542555463666,0.6809406936308731,1.462189500849596,31,17449.438566240002,307838446.3833379
480,2.7082593427417914,0.24397126334081123,0.47841859147224713,146,82181.22679584,288417166.58975536
481,3.5985691032353033,0.6341538526503927,1.1718796786983734,47,26455.600406880003,299719120.3671987
482,5.521596347005598,0.8275826053315142,0.5622828866823355,70,39401.95805280001,291375291.37529135
483,2.78569994461021,0.10976571169671083,0.47741205506617135,99,55725.62638896001,287999473.3723915
484,2.5503602410870347,0.8033819344052137,0.15914563834019307,202,113702.79323808002,289256198.3471074
485,1.7610440730745616,0.5290460807208419,0.23703638141191483,16,9006.161840640001,290523939.17258775
486,5.311993958208295,0.3452514837946221,1.0891236131732431,26,14635.012991040003,288417166.58975536
487,2.8227574274595515,0.37083254020509604,0.2610639426616667,78,43905.038973120005,289466719.59772396
488,4.912723610865114,0.7323093118877755,0.11511462195593251,50,28144.255752000005,291375291.37529135
489,0.1994397746471017,0.276384391088443,0.5145973647843185,129,72612.17984016001,292231647.85251486
490,4.6278963950437175,0.40647563418029564,1.3182111155107195,26,14635.012991040003,293525662.5293525
491,0.5899318897483294,0.679428553306328,0.4560735041577266,21,11820.587415840002,299719120.3671987
492,5.007791197043463,0.711211888295967,0.6231147192075063,92,51785.430583680005,294612794.6127946
493,0.41751162270757447,0.6946161135943052,0.23489153505189544,87,48971.00500848001,304072838.47650814
494,1.5900660833088225,0.5520422610464537,0.5276466935149939,52,29270.025982080006,292017087.17127216
495,2.1274156259543684,0.8944537688640111,0.525949439983999,25,14072.127876000002,293959551.16575956
496,4.0467776496931265,0.037621246712329456,1.0019986505100502,135,75989.49053040001,288417166.58975536
497,6.194892682843374,0.9325703187724745,0.7179329255494384,117,65857.55845968,299945152.8863293
498,5.037051245904041,0.7159988617274596,0.6361036635015339,46,25892.715291840002,294831188.0854504
499,2.083766421320744,0.29751765861102863,1.0180753443253088,35,19700.979026400004,288417166.58975536
500,4.924301938275236,0.6830692785028654,1.1257731206589556,99,55725.62638896001,295928030.30303025
501,0.6696646296547513,0.7545607729473148,1.1197535388086453,131,73737.95007024001,303145787.1396895
502,1.9117323610700472,0.30069577551026305,0.27388968573243316,28,15760.783221120002,289466719.59772396
503,6.104948197273006,0.16880399034190058,0.5200620735015965,25,14072.127876000002,289045983.0866807
504,1.9498604914453617,0.44828913507063,0.5841948572842893,117,65857.55845968,290948992.48520315
505,2.7305004554070864,0.6909365859315323,0.6090378816401651,58,32647.336672320005,293309198.1764548
506,1.314527887892914,0.7732479462882152,0.6026612226709579,183,103007.97605232001,294612794.6127946
507,3.8381726649592625,0.6650277976335585,6.239303042801545,10,5628.851150400001,306888327.72166103
508,0.7612910820314871,0.43056179683134094,1.4838355118339133,302,169991.30474208,298146381.3547771
509,4.257465760424002,0.6010463084631027,0.6976075511688626,25,14072.127876000002,297700054.4365813
510,3.8604076784217027,0.37048241477657,0.779841478695674,58,32647.336672320005,293742446.6228011
511,5.087400959003769,0.7445137558713031,0.7806085930330564,17,9569.046955680002,295488315.5477509
512,1.7740557774154455,0.07355992028101598,6.224534956755651,24,13509.242760960002,287999473.3723915
513,0.7311583476440416,0.9621688200170346,0.8314351457464275,309,173931.50054736002,299945152.8863293
514,3.4239800746157583,0.6769076588449229,1.2697362775317091,62,34898.877132480004,298146381.3547771
515,2.997639179382841,0.5940468275939833,1.1036336740387929,309,173931.50054736002,291375291.37529135
516,5.004297482534901,0.8852248076539299,0.6037381219540042,84,47282.34966336001,295708009.46265626
517,4.1856333802547425,0.31201513352942783,0.2916870224117828,19,10694.817185760001,292231647.85251486
518,5.013912867845455,0.6749495700525416,0.1543552181530084,33,18575.208796320003,289888682.7458256
519,5.161452092573968,0.8993441372556183,0.6964889860420477,206,115954.33369824002,296590061.6907327
520,2.5557728636908688,0.01326346956633833,0.2535678407034161,21,11820.587415840002,288417166.58975536
521,1.7833201091634487,0.3334257077956493,0.9108312264630358,31,17449.438566240002,290736310.4731525
522,6.04740155114337,0.6774146469055581,0.05316329893950878,99,55725.62638896001,292231647.85251486
523,0.9355956946294691,0.7237634874843808,0.45945444637246874,65,36587.532477600005,302684378.0268437
524,3.249095211164967,0.23222611406104557,0.5991919888036618,329,185189.20284816003,291161985.8911221
525,1.1502781257619383,0.7402545815697599,1.1073426318395436,37,20826.74925648,298370047.0572188
526,0.4217105976678706,0.7237456785388202,0.19894215932125342,142,79929.68633568002,305005577.244841
527,3.8596361627093683,0.0985832754465504,1.0300914019963552,60,33773.1069024,288417166.58975536
528,3.4873738402756227,0.33259994474534343,1.2518947564131782,89,50096.77523856,292017087.17127216
529,4.268274469516953,0.575018170279954,0.6915392427653241,45,25329.830176800002,297255061.82905287
530,5.149696317430247,0.9038747223761046,0.6989865055416844,37,20826.74925648,297033064.02335525
531,4.144738714795612,0.6457492242651824,1.4086873870247367,24,13509.242760960002,306415464.3507493
532,2.446872871177748,0.6410673322501687,0.7399794942400328,20,11257.702300800001,290100125.9863404
533,0.7140015937172483,0.8527190033012101,0.780104325424134,10,5628.851150400001,301536977.04872835
534,2.6021543801257394,0.5651365728721562,1.408936466232703,181,101882.20582224001,288836073.1497986
535,3.5051848208456375,0.8294499511957538,0.34258045590661285,86,48408.11989344001,301765760.79459226
536,2.3529209786072016,0.3395788335859722,0.11750903772517424,123,69234.86914992,288836073.1497986
537,1.571827541416224,0.43071197753668256,1.4945686281292747,69,38839.07293776001,292231647.85251486
538,0.38038592966886126,0.25093428022973446,0.8982546417737686,42,23641.174831680004,290523939.17258775
539,5.923882752994985,0.3981277732017591,0.18762881821885316,174,97942.01001696002,289256198.3471074
540,1.3250687118645943,0.25651771260187395,0.8029787490180237,186,104696.63139744001,290948992.48520315
541,5.78632205607457,0.7716671560176716,1.3288694293776175,29,16323.668336160003,289256198.3471074
542,4.666945767762996,0.6529689713736192,0.4809823371275966,279,157044.94709616003,292661716.5027761
543,4.373799714701319,0.7805086973688583,0.6428891861706574,15,8443.2767256,295928030.30303025
544,4.79409500200356,0.5717116000684879,0.5048676808895013,145,81618.3416808,291588909.6241002
545,3.6707295464768497,0.6914652962572749,0.9658530841951497,50,28144.255752000005,300171526.5866209
546,3.7689688377981256,0.48549806889038466,1.0193962035438935,10,5628.851150400001,297033064.02335525
547,3.812674366934277,0.6967116693589331,0.5198417759170127,98,55162.74127392001,301080448.69589156
548,3.9090804312871197,0.45125337828042583,1.0528141047901978,124,69797.75426496001,296369055.6835117
549,4.5906141692541675,0.6584594026256163,0.6831147328628006,70,39401.95805280001,293525662.5293525
550,4.292973803944868,0.6342235044709182,0.7875599150112954,34,19138.093911360003,297255061.82905287
551,4.383633094163786,0.759205828498033,0.6221325939117363,16,9006.161840640001,296148378.79916054
552,1.0330458585273827,0.3319638861256301,0.2553859264823331,153,86121.42260112001,293093052.85723853
553,0.5790326431933948,0.25376126644434815,1.261165853468915,82,46156.57943328001,291161985.8911221
554,6.158480648246244,0.6034083256015533,0.7659074493396119,48,27018.485521920004,296148378.79916054
555,4.203822283200145,0.7288049265583968,1.4145494414800117,12,6754.621380480001,304305487.93211377
556,5.178439529956692,0.3245712789769308,0.09945366820560902,64,36024.647362560005,289045983.0866807
557,1.3825771666339346,0.4423685913028301,1.324560287432498,121,68109.09891984,295488315.5477509
558,3.6529853011973064,0.7041519191757453,1.4594613675042782,37,20826.74925648,304305487.93211377
559,2.5879197717834606,0.49365799253929304,0.22010321507889535,92,51785.430583680005,289045983.0866807
560,5.383085734136227,0.7029067834335602,0.5015636946643016,44,24766.94506176,290523939.17258775
561,0.1926201188964768,0.41868159650599474,0.40451708043122475,93,52348.315698720005,295708009.46265626
562,2.1582969624164106,0.5016573209067143,0.27499452934369323,31,17449.438566240002,289256198.3471074
563,5.844145455590294,0.4395724428851263,0.48898525125969133,16,9006.161840640001,289677547.50711775
564,0.18124456201975714,3.034655608616254,4.891033792686519,93,52348.315698720005,288208168.64295125
565,0.437312166490954,0.4768748858243774,0.9465724840409194,26,14635.012991040003,295488315.5477509
566,1.9779916249990537,0.5223964775506948,0.7392683148949105,90,50659.660353600004,291588909.6241002
567,4.211978981844144,0.7718807985015522,0.12943478828310342,64,36024.647362560005,304538493.6655993
568,5.030208007326951,0.4390397044403342,0.5564264324736908,38,21389.634371520002,291161985.8911221
569,1.889258232476379,0.46432283328529017,1.5666507517571533,12,6754.621380480001,289677547.50711775
570,1.8132504155425904,0.5128131154716715,0.038487532801498296,31,17449.438566240002,290523939.17258775
571,3.712267865918679,0.72974630445855,0.6608378699741898,20,11257.702300800001,299493428.2584885
572,5.102848428232,0.9009315882407813,0.860797190228893,29,16323.668336160003,297923050.7320394
573,2.2180041345718706,0.7646734918917566,0.26648568408719386,27,15197.898106080002,289677547.50711775
574,5.605024430927301,0.6622261961439274,0.10651075482242421,50,28144.255752000005,288626467.8717509
575,2.2803845079429204,0.5188847497426964,1.4629993906104624,44,24766.94506176,288626467.8717509
576,3.675524065401434,0.1592599428627575,0.46620173173242213,19,10694.817185760001,290100125.9863404
577,2.6970923921726615,0.7962739467352272,0.2651505818495247,21,11820.587415840002,291588909.6241002
578,1.153804204838761,0.7049149541709586,1.388996198980473,28,15760.783221120002,305239656.7362031
579,5.799215618862887,0.8653679254357539,0.6602444946498472,31,17449.438566240002,295049905.5840302
580,1.0440481983311016,0.3698302522976763,0.20207223847408778,41,23078.289716640003,294176976.8692846
581,3.179699967156111,2.078174113690606,3.359327790860472,62,34898.877132480004,290736310.4731525
582,4.853760035026286,0.28072193941114293,0.9146415445279151,189,106385.28674256001,290523939.17258775
583,5.607061079198033,0.7787157737174907,0.30025537130438407,117,65857.55845968,289677547.50711775
584,5.61117708173072,0.6941902618529926,0.057734898434070876,57,32084.451557280005,288417166.58975536
585,0.21567197918266717,0.7249992599658358,1.1508396615527123,63,35461.762247520004,295708009.46265626
586,1.5306773608498085,0.8338021080175868,1.3706654483261034,199,112014.13789296002,300398242.2411425
587,2.3589991381391484,0.17994662126499208,0.8167973891999728,226,127212.03599904002,287999473.3723915
588,0.38167100777986857,0.8191744079695396,1.0980073628854756,30,16886.5534512,297923050.7320394
589,3.790886881363725,0.26504804850364766,0.8085430703741211,53,29832.911097120003,290948992.48520315
590,4.034026275714285,0.491049776360452,0.3343248469900744,215,121020.29973360001,298146381.3547771
591,3.757772672899781,0.805794837252722,0.45388496689383173,29,16323.668336160003,299719120.3671987
592,1.739880528765582,0.7322316306925495,0.7161915284479599,199,112014.13789296002,296148378.79916054
593,4.543953232875523,0.15750878530645288,0.2155390790828918,43,24204.059946720005,288626467.8717509
594,6.019786541269613,0.08637147194294745,0.8797850743196759,20,11257.702300800001,289256198.3471074
595,2.22683584205719,0.5146559537282155,1.4791895790893297,55,30958.681327200004,288626467.8717509
596,1.7610345876196405,0.7098021462753452,0.6681501440394629,14,7880.391610560001,295049905.5840302
597,5.937448248572612,0.3268855621521269,1.409980109201355,61,34335.99201744,289256198.3471074
598,0.2605271406956868,0.4959450943171243,0.5358195918194086,70,39401.95805280001,296811397.5576662
599,0.964511767294156,0.5082875035899977,1.4838073962189464,139,78241.03099056002,301080448.69589156
600,5.967694496797845,0.28824444870144683,1.5290279923494832,13,7317.506495520001,289045983.0866807
601,0.20224196764453137,0.5808022503973299,0.9444925605645375,68,38276.18782272001,294394724.44653785
602,5.703458652749018,0.507860107575423,1.0330048697590166,45,25329.830176800002,290100125.9863404
603,1.985483083433245,0.792736762333017,0.7230110853687568,104,58540.05196416001,295488315.5477509
604,5.875867309731008,0.7240129917148701,1.3632811228304784,12,6754.621380480001,289256198.3471074
605,1.3596003355921213,0.6216173003777987,0.8358895965546815,62,34898.877132480004,295049905.5840302
606,2.834754598615864,0.31704729774067747,1.2876663305278568,63,35461.762247520004,289466719.59772396
607,6.045293169733312,0.7760799906121876,0.5597376548154738,33,18575.208796320003,297923050.7320394
608,0.1336749987147761,0.8306349074779142,0.7102758152463762,70,39401.95805280001,295928030.30303025
609,4.620750386815663,0.7540614972539333,0.3286061332204915,12,6754.621380480001,294176976.8692846
610,0.1691513687254125,0.7368164151793437,0.5421471415752069,26,14635.012991040003,299945152.8863293
611,3.9973493773562794,0.6251695736624792,0.2554104263910232,23,12946.357645920001,302454199.79260284
612,2.5555600085561636,0.68400962575975,1.405406167330049,23,12946.357645920001,288626467.8717509
613,4.065543335061707,0.3321620210678281,0.985316653063391,12,6754.621380480001,292877225.8669166
614,1.7154857890389807,0.7882260861384144,0.7661634383912783,49,27581.370636960004,297700054.4365813
615,5.77706801098399,0.6282019103692228,0.6805103976008824,14,7880.391610560001,291375291.37529135
